firm,benefits,culture,diversity & inclusion,flexibility,growth,job role clarity,job security,management,pay,people,performance feedback,remote work,stress & pressure,teamwork & collaboration,tools & resources,training & onboarding,travel,work-life balance
AFH-Wealth-Management,3.0,5.0,,,,,,3.3333333333333335,5.0,2.5,2.5,,,2.5,,3.0,,4.0
AJ-Bell,2.25,5.0,,,4.428571428571429,,,4.5,3.3333333333333335,5.0,,,,4.25,5.0,5.0,,
ALDI,4.0,3.0833333333333335,,2.3461538461538463,3.4,2.642857142857143,4.0,1.608695652173913,3.96,3.533333333333333,2.5,,1.4285714285714286,3.909090909090909,1.25,3.4,,2.391304347826087
AQA,3.5,4.0,,4.0,2.3333333333333335,,,2.3333333333333335,2.3333333333333335,3.0,,,2.0,3.0,,4.0,,4.0
ASDA,3.6,3.2962962962962963,,2.953125,2.269230769230769,2.7333333333333334,1.0,1.8641975308641976,2.954022988505747,3.4242424242424243,,,1.5,3.6153846153846154,2.3,2.1538461538461537,,2.6770833333333335
ASOS,4.052631578947368,3.5,5.0,3.0,2.1818181818181817,3.0,,1.5,2.5,4.0,1.0,5.0,2.25,3.25,2.6666666666666665,5.0,4.0,2.888888888888889
AXA-UK,4.0,3.25,5.0,4.0,2.888888888888889,4.0,,3.5,2.5,4.111111111111111,1.0,1.0,1.0,3.3333333333333335,3.375,1.0,,4.0
Abcam,4.0,4.142857142857143,,5.0,4.0,3.0,1.0,2.5,2.5,4.8,4.0,,,4.0,3.5,1.0,3.0,5.0
Accenture,3.9285714285714284,3.2972972972972974,3.7777777777777777,3.8,2.962962962962963,2.962962962962963,2.3333333333333335,2.111111111111111,2.608695652173913,3.6266666666666665,1.5,3.8,1.65,3.6842105263157894,3.5,3.6206896551724137,3.0,2.593220338983051
Accor,3.3333333333333335,3.4,,,4.25,2.0,,3.25,2.625,3.5,,4.0,1.6666666666666667,,4.0,4.5,,2.6666666666666665
Achieving-for-Children,,,,,,,,,,,,,,4.0,,,,
ActionCOACH,4.0,,,,,,,,,,,,,,,,,
Active-Care-Group,,,,4.0,4.0,,,4.0,4.0,4.0,,,,4.0,2.5,,4.0,2.5
Adecco,,1.0,,4.0,4.5,,,2.5,2.5,4.0,,,2.5,4.0,,4.5,,3.5
Age-UK-The-National-Charity,4.0,,,4.0,4.0,,,1.0,,3.75,,,,4.0,1.0,4.0,,
AlixPartners,4.0,3.0,,,2.0,,,3.5,3.3333333333333335,4.0,,,1.5,3.0,,2.0,2.5,2.6666666666666665
American-Express,4.111111111111111,4.294117647058823,3.6,3.8181818181818183,3.235294117647059,3.0,1.6666666666666667,2.5,2.375,3.6153846153846154,,3.6666666666666665,4.0,3.4615384615384617,2.8,3.25,,4.0
Amey,4.0,3.8,,4.333333333333333,3.2,1.5,,1.8,2.5,4.166666666666667,3.0,,1.0,3.625,4.666666666666667,,1.5,3.2
Angard-Staffing,1.0,4.0,,2.2,,5.0,,1.25,4.2,1.0,,,1.5,4.0,,1.0,,3.25
Anglian-Water,4.555555555555555,3.6666666666666665,,3.7142857142857144,4.0,4.0,,1.0,3.1666666666666665,3.25,3.6666666666666665,4.0,2.5,4.285714285714286,4.090909090909091,4.333333333333333,,4.666666666666667
Anglo-American,4.0,,,2.0,3.0,,,1.0,,4.0,,,,,1.0,,,2.0
Animal-and-Plant-Health-Agency,,,,,,,,4.0,,4.0,3.0,,,,,,,
Aon,4.333333333333333,2.888888888888889,3.6666666666666665,3.5714285714285716,3.4,2.3333333333333335,,2.8,1.8,3.7142857142857144,3.5,3.0,2.0,4.166666666666667,4.0,3.5,,3.6666666666666665
Apple,4.277777777777778,3.85,,3.727272727272727,2.3333333333333335,2.5714285714285716,,2.6875,3.230769230769231,4.1,3.0,2.0,2.6666666666666665,3.875,5.0,2.5,3.0,3.411764705882353
Arcadia,2.6666666666666665,3.0,,2.75,1.75,,,2.0714285714285716,1.9,4.153846153846154,,,1.0,3.0,1.75,,,2.0
Arnold-Clark,,,,,1.0,4.0,,2.3333333333333335,3.0,,,,1.0,4.0,5.0,,4.0,3.6
AstraZeneca,4.0,3.0,2.5,4.25,2.8,2.625,,2.2857142857142856,2.0,2.6923076923076925,1.0,4.0,2.5,2.857142857142857,3.2857142857142856,4.0,,2.5555555555555554
Aviva,3.8125,3.1666666666666665,2.0,3.5714285714285716,2.6,1.0,1.0,1.4615384615384615,2.9,3.2142857142857144,,,1.0,2.0,2.75,4.333333333333333,,2.8461538461538463
B-and-M-Retail,2.857142857142857,3.909090909090909,,2.875,4.055555555555555,4.0,4.5,2.5714285714285716,1.5769230769230769,3.857142857142857,3.0,,1.5454545454545454,4.2105263157894735,4.0,3.7777777777777777,2.0,2.1538461538461537
B-and-Q,3.75,4.083333333333333,,2.8,3.4285714285714284,3.3333333333333335,4.0,2.388888888888889,3.0,3.6666666666666665,2.5,,1.0,3.8461538461538463,3.125,2.8333333333333335,,2.92
BAT,4.5,3.625,,2.6666666666666665,3.4285714285714284,3.0,,2.1666666666666665,4.125,3.6,,,2.0,3.3333333333333335,2.0,,,2.6666666666666665
BBC,2.8,4.111111111111111,2.6666666666666665,4.222222222222222,2.5714285714285716,3.1,4.0,1.9411764705882353,1.4166666666666667,3.814814814814815,1.8,1.0,1.0,3.3846153846153846,3.5,4.083333333333333,3.6666666666666665,4.375
BDO,3.4,3.1818181818181817,2.6666666666666665,4.0,2.466666666666667,,,2.6,2.909090909090909,2.8,2.3333333333333335,4.0,2.3333333333333335,4.5,3.6,3.0,3.0,3.4375
BHS,4.0,3.0,,3.8,2.5,4.0,,2.2,2.75,3.625,,,2.5,4.666666666666667,,4.0,,3.1666666666666665
BIS,,1.0,,,1.5,,,2.3333333333333335,1.0,4.0,,,,4.0,4.0,1.0,,
BNP-Paribas,4.333333333333333,3.142857142857143,2.0,,2.4615384615384617,2.0,,2.5,1.3333333333333333,3.7142857142857144,4.0,1.0,3.0,4.0,3.25,5.0,2.0,4.0
BNY-Mellon,3.5,3.125,4.0,3.1666666666666665,2.8666666666666667,3.1666666666666665,,1.7857142857142858,1.5555555555555556,3.3333333333333335,2.0,4.0,1.0,2.8,3.0,2.0,,3.111111111111111
BP,3.7142857142857144,3.2222222222222223,2.6666666666666665,3.3333333333333335,3.0,2.8333333333333335,4.0,1.8636363636363635,3.466666666666667,3.1666666666666665,4.0,4.0,1.0,3.0,3.375,3.25,4.0,3.6153846153846154
BPP-Holdings,4.5,4.5,1.0,4.0,4.0,5.0,,2.0,1.0,3.75,1.0,3.0,2.0,2.5,2.0,3.0,1.0,3.0
BT,3.9375,3.04,,3.608695652173913,3.0,3.9,2.5,2.0714285714285716,2.9047619047619047,3.58974358974359,1.75,4.0,1.6666666666666667,3.1153846153846154,3.6315789473684212,3.1875,,3.6666666666666665
Babcock-International-Group,4.25,3.0,5.0,4.4,2.9,,1.0,2.0833333333333335,2.7142857142857144,3.888888888888889,2.3333333333333335,,1.0,2.888888888888889,3.2857142857142856,3.5,,2.0
Babylon-Health,3.2,2.8,,3.3333333333333335,2.8333333333333335,2.5,1.0,1.75,3.0,2.9583333333333335,3.0,4.0,5.0,3.0833333333333335,3.4285714285714284,2.0,,3.3333333333333335
Bain-and-Company,4.333333333333333,3.8333333333333335,3.0,3.3333333333333335,4.0,,,3.3333333333333335,5.0,4.083333333333333,,,2.1666666666666665,4.0,4.4,4.5,,2.4545454545454546
Balfour-Beatty,3.0,3.2857142857142856,1.0,4.0,2.3333333333333335,1.6666666666666667,,2.4285714285714284,2.5,3.2,1.0,,1.25,3.5,3.8,4.0,2.0,2.533333333333333
Bannatyne-Group,3.2857142857142856,2.5,,2.0,3.8333333333333335,2.5,,2.4,2.7142857142857144,3.6,,,4.0,4.0,4.0,4.0,,3.0
Barchester-Healthcare,4.666666666666667,4.0,,4.0,3.8,3.5,,3.1818181818181817,3.25,4.25,2.0,,1.0,3.75,3.888888888888889,2.5,3.0,
Barclays,4.037735849056604,3.3088235294117645,4.181818181818182,3.861111111111111,2.914285714285714,2.5172413793103448,2.75,2.0675675675675675,3.0704225352112675,3.6705882352941175,2.7142857142857144,3.6666666666666665,1.5909090909090908,3.0,3.4375,2.933333333333333,2.8333333333333335,3.45
Barnardo-s,1.0,3.75,,3.0,1.0,2.0,,2.6666666666666665,1.0,3.0,,,1.0,2.3333333333333335,1.0,4.0,,1.0
Barnett-Waddingham,4.0,4.0,,,2.0,,,,,4.0,,,1.0,,,,,2.5
Barratt-Developments,4.5,4.666666666666667,5.0,5.0,3.25,,,3.0,3.0,4.4,,,,3.5,3.75,4.0,3.0,3.0
Barts-Health-NHS-Trust,,4.0,,2.0,,2.0,4.0,,2.5,,,,,4.0,1.0,4.0,,4.0
Bayer,4.5,3.6666666666666665,,,3.5,1.0,,1.0,2.25,1.0,,,,4.0,,,,1.0
Best-Western,4.0,4.0,,2.6,1.0,,,2.0,3.0,4.0,,,1.0,4.0,,4.0,,2.0
Birkbeck-College,3.0,4.333333333333333,,,,,,3.0,1.0,4.333333333333333,,,5.0,4.5,5.0,,,3.0
Birmingham-City-University,,4.5,,,4.0,3.0,,,5.0,5.0,,,3.0,5.0,,,,4.0
Bloomberg-L-P,3.8461538461538463,3.4642857142857144,3.0,3.625,2.8,2.625,1.5,1.7407407407407407,2.5714285714285716,3.25,1.3333333333333333,1.0,1.3333333333333333,3.4705882352941178,2.8333333333333335,2.75,3.6666666666666665,3.0
Blue-Arrow,,3.6666666666666665,,3.0,5.0,3.0,,3.3333333333333335,2.2,4.75,4.0,,3.0,4.666666666666667,4.666666666666667,4.666666666666667,,2.75
Blue-Yonder,4.0,5.0,,4.0,3.2,,,2.7142857142857144,4.0,3.6666666666666665,2.0,4.0,4.0,4.5,2.3333333333333335,4.0,4.0,4.0
Booking-com,3.8275862068965516,3.55,3.6,3.5,2.71875,2.6666666666666665,2.0,1.7391304347826086,2.909090909090909,3.78,1.5,3.0,1.5,3.0,3.0,4.0,3.25,2.611111111111111
Boots,3.217391304347826,3.88,2.5,2.6153846153846154,3.1470588235294117,2.6923076923076925,,2.5,3.2253521126760565,3.3777777777777778,2.0,1.0,1.5789473684210527,3.161290322580645,3.125,3.3,4.0,2.7777777777777777
Boots-Opticians,3.0,3.25,,,1.8333333333333333,2.0,,1.4285714285714286,2.375,3.0,,,2.0,3.0,3.0,2.0,,2.0
Boston-Consulting-Group,4.0,3.3333333333333335,,,3.5,,,1.0,1.0,4.25,3.0,,,,,,,2.0
Brewin-Dolphin,4.0,5.0,,,4.666666666666667,5.0,,3.75,2.0,4.75,,,,3.0,4.0,5.0,,4.0
British-Airways,3.5,2.6,4.0,2.533333333333333,2.6,2.4285714285714284,1.0,1.4634146341463414,2.204081632653061,3.872340425531915,1.6666666666666667,1.0,1.375,2.9,3.8,4.3,3.8727272727272726,2.3703703703703702
British-Red-Cross,,4.333333333333333,4.0,3.3333333333333335,1.5,2.0,,2.6666666666666665,2.0,3.076923076923077,,,,4.25,4.5,1.75,1.0,3.3333333333333335
Brook-Street,,3.6666666666666665,,1.0,1.5,2.0,,1.3333333333333333,2.142857142857143,3.75,2.0,,2.3333333333333335,4.0,3.3333333333333335,2.5,1.0,1.0
Bullhorn,4.5,4.75,,,4.25,,,,,,,,,4.0,4.0,,,
Bupa,3.4545454545454546,3.4285714285714284,4.0,3.3,3.2666666666666666,4.0,,1.7647058823529411,2.3684210526315788,3.55,,5.0,2.8333333333333335,3.5238095238095237,4.0625,2.3333333333333335,1.0,3.5
Burberry,4.117647058823529,2.7857142857142856,,,1.9230769230769231,2.0,1.0,1.8,2.2222222222222223,3.6363636363636362,,,1.8333333333333333,2.888888888888889,4.0,3.4,,2.5625
CBRE,3.25,3.923076923076923,,2.3333333333333335,3.3636363636363638,3.3333333333333335,1.0,2.7777777777777777,1.8666666666666667,3.727272727272727,2.5,,2.0,3.3,2.75,3.6,2.0,2.75
CVS-Group,,,,4.0,,,,1.0,4.0,,,,,4.0,,,,4.0
Cambridge-Assessment,4.5,4.0,,,2.8,4.0,,2.0,3.0,2.5,,,,3.3333333333333335,4.0,4.5,,4.25
Capita,3.210526315789474,2.5555555555555554,2.6666666666666665,3.380952380952381,2.3859649122807016,2.727272727272727,2.5,1.8392857142857142,2.2033898305084745,3.192982456140351,1.1428571428571428,4.0,2.375,3.1951219512195124,2.68,3.235294117647059,2.2857142857142856,3.269230769230769
Capital-Group,4.0,2.0,,,2.0,,,2.0,4.0,1.0,2.0,,,2.0,2.0,,,
CarShop-UK,3.3333333333333335,4.8,5.0,3.0,4.4,,4.0,3.8,3.8333333333333335,4.5,,,2.0,4.333333333333333,5.0,5.0,,2.375
Cardiff-University,,,,,,,,1.0,,4.0,,,,,4.0,,,
Care-UK,2.75,2.3333333333333335,,3.4,4.5,1.0,,3.111111111111111,2.375,3.5,,,2.0,3.3,4.0,4.6,,2.7
Career-Legal,,1.0,1.0,5.0,3.1666666666666665,4.0,,,2.5,3.3333333333333335,,,,4.0,,,,5.0
Christie-s,4.0,4.0,,2.0,1.0,,,2.0,,3.0,,2.0,1.0,,3.0,,,1.0
Cisco-Systems,4.266666666666667,4.352941176470588,4.0,3.933333333333333,3.3333333333333335,3.3333333333333335,2.5,1.9285714285714286,2.1,3.625,,4.333333333333333,2.6666666666666665,3.7142857142857144,4.0,4.25,,3.9285714285714284
Citi,3.4,2.5555555555555554,4.0,4.0,3.0434782608695654,1.0,,2.3846153846153846,2.611111111111111,3.85,1.0,5.0,1.6666666666666667,3.411764705882353,3.2857142857142856,3.0,3.0,2.9473684210526314
Citizens-Advice,2.0,4.0,3.0,2.5,5.0,2.0,,1.0,2.6666666666666665,3.875,,,1.0,4.25,4.25,3.8,,1.0
CityFibre,5.0,4.666666666666667,,4.666666666666667,3.4,4.0,,4.0,,4.6,4.0,,,4.666666666666667,4.5,,4.0,5.0
Civil-Service-United-Kingdom,3.6,4.0,,3.6666666666666665,2.6923076923076925,2.0,,2.0,2.5714285714285716,3.5,,,,3.0,3.5,1.5,,4.0
Co-op,4.285714285714286,3.857142857142857,4.333333333333333,2.909090909090909,2.5454545454545454,3.0,4.0,2.076923076923077,2.95,3.0,1.0,4.0,2.2,3.176470588235294,3.3333333333333335,3.75,,2.611111111111111
Colosseum-Dental,3.3333333333333335,,,,,,,4.0,4.0,3.0,,,,4.0,,4.0,,
Colt-Technology-Services,4.571428571428571,4.333333333333333,4.0,3.888888888888889,3.625,3.8,1.0,3.0,4.0,3.888888888888889,,4.5,,3.7142857142857144,3.6,2.0,,3.75
Communities-and-Local-Government,,3.5,,4.0,2.4,3.0,,2.6,2.0,3.0,2.0,,4.0,4.0,,4.0,2.0,4.0
Compass-Group,3.3,3.375,4.0,3.1666666666666665,3.0,4.0,,1.7058823529411764,3.15,3.375,,1.5,1.0,3.4,3.5,3.0,2.0,2.4
Countrywide-plc,4.75,1.0,,3.0,4.0,2.0,,2.6666666666666665,2.6,3.5,1.0,,1.5,4.0,3.4,3.3333333333333335,,3.0
Covea-Insurance,2.0,4.333333333333333,,4.0,4.0,,,,4.0,4.0,,,,4.0,4.5,,,4.0
Coventry-University,4.0,2.5,,3.6,2.0,3.3333333333333335,,2.7,2.5714285714285716,2.3333333333333335,1.5,,2.6666666666666665,3.5454545454545454,3.888888888888889,3.0,,3.0
Creative-Support,1.0,1.0,,4.5,2.0,,,1.8,1.0,2.6666666666666665,,,1.0,,1.1666666666666667,4.0,,1.8888888888888888
Cromwell-Tools,4.5,1.0,,3.0,4.333333333333333,,2.0,3.0,3.5,3.3333333333333335,,,1.0,3.3333333333333335,5.0,,,2.5
Crown-Prosecution-Service,,,1.0,,,,4.0,1.0,1.0,4.0,1.0,,,1.0,,,,4.0
Crowne-Plaza-Hotels-and-Resorts,4.0,4.0,,2.75,,,,4.0,,4.0,,,,3.0,,1.5,,3.3333333333333335
Curtis-Banks,,1.3333333333333333,,,1.5,1.0,,1.0,1.2,2.8,1.0,,1.0,1.0,1.0,1.0,,
Cushman-and-Wakefield,1.0,2.5,,,4.5,2.0,,3.3333333333333335,2.0,2.5,,,1.0,2.75,,4.0,,2.0
Cygnet-Health-Care,2.0,2.0,,3.0,2.5,2.0,,1.8,2.0,2.5,4.0,,1.0,4.0,4.0,2.5,,4.0
DFS-Furniture,3.0,4.666666666666667,,2.3333333333333335,4.0,5.0,,2.0,2.8,4.5,4.0,,3.0,3.0,,4.5,,3.5
DHL-Supply-Chain,3.6666666666666665,2.857142857142857,,2.4,2.857142857142857,4.0,4.0,1.8,3.2083333333333335,3.4545454545454546,1.0,4.0,1.0,3.0,2.75,3.6,,2.9285714285714284
DPDgroup,4.0,,,,4.0,,,3.0,3.375,4.0,,,1.0,4.0,1.0,,,2.7142857142857144
DWF,3.3333333333333335,2.6,,4.333333333333333,3.1666666666666665,3.0,,1.6666666666666667,1.6,3.2,2.0,,2.5,3.6,2.3333333333333335,3.5,4.0,3.2
Dalata-Hotel-Group,,,,,,,,,,,,,,,,4.0,,
David-Lloyd-Leisure,3.7333333333333334,3.75,,1.8,3.2,3.5,,1.4285714285714286,1.5833333333333333,3.4,2.0,,,3.5,2.0,3.0,,1.7142857142857142
Debenhams,2.6,4.0,,3.0,1.8,2.625,1.0,1.9019607843137254,2.2,3.8378378378378377,4.0,1.0,1.6,3.7916666666666665,3.2857142857142856,2.5,3.0,3.0476190476190474
Deloitte,3.4,3.3617021276595747,3.8333333333333335,3.588235294117647,3.2857142857142856,3.0454545454545454,,2.6,2.0425531914893615,3.888888888888889,2.0,2.8333333333333335,1.5277777777777777,3.4210526315789473,3.4642857142857144,3.84,2.4,2.4302325581395348
Department-for-Work-And-Pensions,3.6,3.0,,4.0,3.0,3.2857142857142856,,1.0,2.5,3.888888888888889,,,2.0,3.0,3.0,2.6666666666666665,,3.6666666666666665
Department-of-Health-UK,,2.0,,4.0,4.0,,,1.0,,4.0,,,,2.0,2.0,,,
Deutsche-Bank,3.9375,3.5714285714285716,4.0,3.5454545454545454,3.0,2.6,1.0,1.8666666666666667,2.6153846153846154,3.8214285714285716,1.5,,2.0,3.15,2.5384615384615383,3.0,3.25,3.7142857142857144
Diageo,3.2857142857142856,3.8,4.0,4.0,4.0,4.0,1.0,2.2,2.6666666666666665,4.285714285714286,,1.0,,1.5,1.0,3.3333333333333335,4.0,2.0
Diligenta,4.5,5.0,,3.0,1.5,3.3333333333333335,1.0,3.0,2.1666666666666665,3.1666666666666665,3.0,,1.0,4.0,3.6666666666666665,3.0,4.0,4.2
Dixons-Carphone,2.576923076923077,3.72,,2.8260869565217392,2.34375,3.2222222222222223,4.0,2.0163934426229506,2.3692307692307693,3.358490566037736,1.0,,1.3870967741935485,3.3125,3.08,2.5789473684210527,1.0,2.5588235294117645
Doubletree-By-Hilton,4.0,4.0,,1.3333333333333333,4.0,1.0,,2.111111111111111,1.0,3.75,,,,3.0,2.5,,,1.5
Durham-County-Council,,,,,2.0,,,,,,,,,,4.0,,,
Dynatrace,,,,5.0,,,,,4.0,2.0,,,2.0,5.0,,,2.0,
EBRD,3.0,4.333333333333333,,4.5,2.142857142857143,4.0,,1.5,2.1666666666666665,4.0,,,2.0,4.0,1.5,,,4.0
ENGIE,3.2,2.0,2.0,4.0,3.0,,4.0,2.0,2.857142857142857,4.333333333333333,4.0,,1.0,1.0,1.0,5.0,2.5,2.5
EY,3.0,3.409090909090909,3.764705882352941,3.9574468085106385,3.315068493150685,2.8181818181818183,,2.740740740740741,1.9,3.6794871794871793,2.1,4.0,1.558139534883721,3.232142857142857,3.730769230769231,4.285714285714286,2.75,2.294736842105263
Egon-Zehnder,,4.0,,,,,,,,,1.0,,,,,,,
Equiniti,2.6666666666666665,3.1666666666666665,,3.0,2.0,1.5,4.0,1.8571428571428572,1.8888888888888888,2.7142857142857144,1.0,,4.0,3.25,3.2,2.0,,4.0
Eversheds-Sutherland,3.0,5.0,1.5,,2.0,2.0,,2.0,1.8,3.0,2.0,,1.0,4.0,,,,2.5
Everyone-Active,,4.0,,4.333333333333333,,,,2.5,3.3333333333333335,4.0,1.0,,1.0,4.666666666666667,4.0,5.0,,3.6666666666666665
FARFETCH,4.0,3.6666666666666665,,3.5,,,,2.75,1.0,2.5,4.0,1.0,2.0,3.5,1.0,,,3.6666666666666665
FYXER,2.0,3.0,,,5.0,,,1.0,,5.0,1.0,,1.0,3.75,4.5,,4.0,5.0
Facebook,4.076923076923077,3.625,,3.4,3.272727272727273,3.0,,2.875,4.222222222222222,3.8846153846153846,3.1666666666666665,2.0,2.7142857142857144,3.230769230769231,3.4,,4.5,2.8
FirstPort,,4.75,,4.0,4.666666666666667,2.6666666666666665,,4.0,2.0,3.5,4.0,4.0,,3.6,3.2,3.75,,4.0
Foreign-and-Commonwealth-Office,,,,,2.5,3.0,,1.0,1.5,2.6666666666666665,1.0,,,1.0,5.0,5.0,5.0,
Four-Seasons-Health-Care,3.0,4.0,,,4.0,3.0,,2.8,2.5,4.0,3.5,,2.0,4.0,,4.0,,2.0
Foxtons,5.0,3.5454545454545454,5.0,2.0,3.4166666666666665,3.0,,2.125,1.8571428571428572,3.5,4.0,,1.25,4.142857142857143,2.8,4.444444444444445,,2.2142857142857144
Freshfields-Bruckhaus-Deringer,4.0,3.0,,,2.0,1.0,,2.0,3.0,3.6666666666666665,2.0,4.0,1.0,2.3333333333333335,2.0,1.5,,2.0
GLL,3.0,,,4.0,3.6666666666666665,,,2.0,2.8181818181818183,2.6666666666666665,,,3.0,,,3.5,,3.3333333333333335
GTR-Govia-Thameslink-Railway,4.0,4.0,,4.0,4.0,3.0,,2.3333333333333335,2.0,5.0,,,,1.0,2.0,2.0,4.0,3.0
Gateley,,4.75,,,4.5,,,,,5.0,,,,,5.0,,,
Gi-Group,5.0,,,,2.0,,,2.0,4.0,,1.5,,,,,,,
GlaxoSmithKline,3.8333333333333335,4.076923076923077,,3.1538461538461537,3.0714285714285716,2.6666666666666665,1.0,2.2142857142857144,2.8,3.8518518518518516,1.8,5.0,1.3333333333333333,3.5555555555555554,3.125,3.75,1.0,4.0
Goldman-Sachs,4.375,3.75,,2.5,3.1818181818181817,3.5,3.0,2.5555555555555554,3.142857142857143,3.9583333333333335,,,2.0,3.5,2.4,4.0,4.5,2.185185185185185
Google,4.142857142857143,4.076923076923077,3.6666666666666665,3.8,3.875,2.3333333333333335,1.0,1.8333333333333333,3.272727272727273,3.8333333333333335,,,1.7777777777777777,3.5555555555555554,2.727272727272727,2.8333333333333335,,3.5
Grange-Hotels,,,,,,,,,,,,,,1.0,,1.0,,
Grant-Thornton,,4.5,,,4.666666666666667,,,2.75,1.3333333333333333,3.6,,5.0,1.0,3.6666666666666665,3.0,,,3.5
Grant-Thornton-UK-LLP,2.6666666666666665,4.0625,2.0,3.888888888888889,3.4210526315789473,3.2,,2.5454545454545454,2.6,3.619047619047619,4.0,,1.6,3.8823529411764706,4.0625,3.875,,3.235294117647059
Grosvenor-Casinos,,4.166666666666667,,2.1666666666666665,3.0,,,3.0,3.5,2.75,,,1.0,4.0,2.5,4.0,,2.625
Guardian-News-and-Media,,4.0,,,1.5,2.0,,1.6666666666666667,3.0,3.0,,,,2.5,,2.5,,
Guy-s-and-St-Thomas-NHS-Foundation-Trust,3.0,3.0,2.0,,3.0,2.0,,2.4,1.0,1.5,,,1.0,3.3333333333333335,2.5,4.0,,2.0
Gymbox,4.0,,,,,1.0,,,4.0,,,,,4.0,,,,
H-and-M,3.5714285714285716,3.375,4.0,3.1176470588235294,3.0454545454545454,2.2,,2.09375,2.75,3.185185185185185,5.0,,1.2,3.3529411764705883,3.0,2.142857142857143,,2.6666666666666665
HC-One,1.0,4.2,,1.0,4.0,,,2.0,2.0,3.25,2.0,,1.5,3.25,3.0,3.6666666666666665,,2.6
HM-Courts-and-Tribunals-Service,,,,4.0,2.0,,,,,1.0,,,,,,,,
HM-Prison-Service,4.0,,,1.0,4.666666666666667,,4.0,1.6,1.0,3.3333333333333335,,,,4.0,3.0,2.5,,2.3333333333333335
HM-Treasury,2.0,4.0,,2.0,3.0,3.0,,2.0,1.5,4.0,,,,4.0,2.0,,,2.6666666666666665
HMCTS,4.0,4.0,,4.0,1.3333333333333333,,4.0,4.0,1.0,,,4.0,,,,,,4.0
HSBC-Holdings,3.9696969696969697,3.28125,3.0,3.411764705882353,3.0816326530612246,3.25,2.4,1.84375,2.6444444444444444,3.5945945945945947,2.3333333333333335,4.25,1.9090909090909092,3.4166666666666665,3.235294117647059,4.25,4.25,3.4285714285714284
Hampshire-County-Council,3.3333333333333335,5.0,,4.25,3.0,2.0,,4.4,2.3333333333333335,3.75,,,5.0,4.5,4.4,,,5.0
Harris-Federation,1.0,2.5,,,,,,2.5,,,,,,,,,,4.0
Harrods,4.375,3.6923076923076925,2.0,2.7777777777777777,2.8333333333333335,2.4,,2.3181818181818183,3.3333333333333335,3.272727272727273,5.0,,1.4444444444444444,3.5714285714285716,4.6,3.5714285714285716,2.0,2.076923076923077
Harvey-Nichols,4.0,3.0,2.0,3.0,2.5,1.0,,1.0,1.3333333333333333,3.0,,,1.3333333333333333,3.4,2.5,3.0,,1.75
Hastings-Direct,4.2,3.2,4.0,3.5,3.2,2.6666666666666665,,3.3333333333333335,3.4,3.9285714285714284,2.5,5.0,1.5,4.285714285714286,4.0,3.142857142857143,,4.0
Hays,3.909090909090909,4.090909090909091,5.0,2.4444444444444446,4.333333333333333,3.3333333333333335,,3.395348837209302,2.0,4.1,3.6666666666666665,5.0,1.95,3.9393939393939394,4.023255813953488,4.317460317460317,5.0,2.15
Health-Education-England,,,,4.0,,,,1.0,,,,,,4.0,4.0,,,4.0
Her-Majesty-s-Revenue-and-Customs,4.0,3.0,,4.0,2.4,2.0,4.0,1.8181818181818181,2.727272727272727,3.2857142857142856,2.0,4.0,3.5,3.0,4.5,2.6666666666666665,1.0,3.9166666666666665
Hilton,3.4545454545454546,4.2,5.0,3.142857142857143,3.25,1.5,,2.5,1.7142857142857142,2.9285714285714284,1.0,,1.8,3.7,3.0,3.0,4.0,2.375
Hitachi-Capital-UK,4.6,5.0,,2.0,3.0,,,2.3333333333333335,4.833333333333333,3.0,,5.0,,2.6666666666666665,5.0,2.0,,3.0
Holiday-Inn,2.5,1.0,,1.0,2.75,,,2.4,2.6666666666666665,3.0,1.0,,,2.8333333333333335,5.0,,,1.0
Holiday-Inn-Express,5.0,,,,4.0,,,1.0,4.0,,,,,,,,,2.5
Home-Group,4.0,5.0,,3.0,4.5,1.5,,2.8333333333333335,2.75,3.1666666666666665,,,1.0,4.5,4.333333333333333,5.0,1.0,1.5
Home-Office,3.3333333333333335,1.75,4.0,3.142857142857143,2.5,1.3333333333333333,4.0,1.6666666666666667,2.3333333333333335,3.5714285714285716,,2.5,1.5,4.0,2.5,3.0,,3.0
Hyatt,4.0,4.0,,4.0,4.0,,,1.0,4.0,4.0,,,,,,,,3.0
IBM,3.45,3.0588235294117645,3.0,3.7777777777777777,2.948717948717949,2.8947368421052633,1.0,2.3448275862068964,2.2857142857142856,3.272727272727273,1.3333333333333333,3.857142857142857,2.1666666666666665,3.2222222222222223,3.1785714285714284,3.235294117647059,2.25,3.269230769230769
IHG-Hotels-and-Resorts,3.375,4.5,,3.2857142857142856,2.8333333333333335,3.0,,1.7142857142857142,3.0,4.0,,4.0,2.0,3.125,2.0,1.0,2.5,3.2
ISS-Facility-Services,2.0,2.0,,1.0,2.5,1.0,,2.0,2.5,3.0,5.0,3.0,,4.0,2.142857142857143,1.0,1.0,3.0
Immediate-Media-Company,3.0,3.5,,4.0,2.5,,,3.0,1.5,2.5,2.5,,,4.25,5.0,2.0,2.0,3.0
Imperial-College-London,3.0,3.4545454545454546,5.0,4.222222222222222,3.4285714285714284,3.5,,2.5384615384615383,3.25,4.090909090909091,3.75,4.0,1.5,3.2941176470588234,3.9444444444444446,3.0,2.75,3.6153846153846154
Indeed,,,,,2.0,,,,3.0,5.0,,,,,,,,1.0
Intelligent-Office-UK,,2.0,,,,,,4.0,,,,,,,,2.0,,
Interserve,4.0,2.8333333333333335,,4.166666666666667,2.8,2.6,,1.4375,1.9,3.0714285714285716,1.0,,2.8,3.5,2.4,2.5,,3.4285714285714284
Iron-Mountain-Inc,,5.0,,,5.0,5.0,3.0,1.0,1.0,3.75,,,,,,,,
Irwin-Mitchell,3.0,3.142857142857143,2.5,3.3333333333333335,2.4285714285714284,2.0,,1.0,1.5555555555555556,2.0,,,1.0,4.0,3.1666666666666665,2.6666666666666665,,3.75
J-P-Morgan,4.315789473684211,3.5714285714285716,4.0,3.5,2.9,2.4,4.0,2.1538461538461537,3.2,3.966666666666667,2.3333333333333335,4.0,1.7058823529411764,3.588235294117647,3.1666666666666665,4.0,3.6363636363636362,2.5945945945945947
J-Sainsbury,3.5588235294117645,3.163265306122449,4.333333333333333,3.138888888888889,3.0,2.5555555555555554,3.0,2.033333333333333,3.2845528455284554,3.2336448598130842,1.4,5.0,1.875,3.3653846153846154,2.888888888888889,3.128205128205128,2.0,2.9
JLL,3.8333333333333335,3.5,3.3333333333333335,4.5,2.0,3.0,,1.0,2.0,3.111111111111111,,5.0,1.3333333333333333,3.0,2.75,3.0,,2.75
JLT-Group,4.0,,1.0,4.0,4.0,,,1.0,,,,,,1.0,,,,
JP-Boden-and-Co,,2.5,,,1.0,,,1.0,,4.666666666666667,,,,3.5,,4.0,,
Jaguar-Land-Rover,4.166666666666667,2.875,4.0,3.933333333333333,3.404255319148936,2.4166666666666665,5.0,2.1142857142857143,3.8,3.7037037037037037,1.1666666666666667,2.3333333333333335,1.8,3.6153846153846154,3.076923076923077,3.090909090909091,,3.130434782608696
James-Hay-Partnership,4.333333333333333,1.0,,4.0,1.5,4.0,,2.0,2.5,4.333333333333333,1.5,,,2.6666666666666665,1.0,1.0,,4.0
John-Lewis-and-Partners,3.8125,3.8076923076923075,3.75,3.4545454545454546,2.7419354838709675,2.2,4.0,2.2,3.1555555555555554,3.8125,2.3333333333333335,4.0,1.8461538461538463,4.153846153846154,3.6,3.3333333333333335,4.0,2.6785714285714284
Jurys-Inns,3.0,,,1.0,,,,1.0,1.75,4.333333333333333,,,2.0,,,,,2.0
KPMG,3.4285714285714284,3.484848484848485,3.5,3.9047619047619047,2.9555555555555557,2.75,,2.380952380952381,2.176470588235294,3.896551724137931,3.6666666666666665,4.25,1.7058823529411764,3.3333333333333335,3.6153846153846154,3.5,3.5,2.547169811320755
Kent-County-Council,4.0,,,4.0,1.0,,,,2.0,4.0,,,,,4.0,1.0,,4.0
Kier-Group,4.0,3.5,,3.3333333333333335,3.8,3.1666666666666665,1.0,2.142857142857143,2.5,3.6666666666666665,4.0,,1.5,3.375,3.3333333333333335,4.5,,3.142857142857143
King-s-College-London,3.6,3.230769230769231,,2.5,3.0,2.5,1.0,2.3333333333333335,2.625,3.75,2.0,,3.0,4.333333333333333,3.0,4.5,,2.857142857142857
Kingsley-Healthcare,5.0,4.5,,,5.0,5.0,,4.0,3.3333333333333335,4.333333333333333,4.5,1.0,,4.222222222222222,4.428571428571429,,,2.5
Knight-Frank,4.0,5.0,1.5,3.0,2.3333333333333335,,,4.0,2.6666666666666665,3.2,,,,4.0,2.0,,,2.25
Korn-Ferry,2.5,3.5,,4.25,2.2,,,2.142857142857143,3.1666666666666665,3.3333333333333335,2.5,,,4.0,3.5,1.0,,3.2
Kurt-Geiger,2.5,3.1666666666666665,,1.0,2.5,5.0,,1.0,2.111111111111111,1.5,1.0,,1.0,2.5,1.8,1.0,1.0,1.5555555555555556
LSE,,3.25,,3.25,2.0,,,4.0,1.0,3.2,4.0,,1.75,3.6,4.333333333333333,4.0,3.0,3.3333333333333335
LV,4.0,3.75,,4.0,3.5,2.0,4.0,2.4,3.5,3.6666666666666665,3.0,,1.0,2.3333333333333335,4.0,2.0,1.0,2.75
Lancaster-University,,4.0,,4.0,,,2.0,,,,,2.0,,3.5,4.0,4.0,,2.0
Latham-and-Watkins,,,,,,3.0,,,5.0,5.0,,,2.0,,,5.0,,3.0
Leaders-Romans-Group,3.8,3.857142857142857,,4.0,4.3,3.5,1.0,3.4166666666666665,3.6,4.0,3.0,1.0,1.6666666666666667,4.444444444444445,4.076923076923077,2.75,1.0,3.0
Leeds-City-Council,4.0,4.0,,4.0,2.857142857142857,,,1.6666666666666667,1.0,,,,1.5,4.0,4.0,4.0,,3.5
Legal-and-General,3.5555555555555554,4.5,1.0,3.3333333333333335,2.1666666666666665,1.5,,2.7142857142857144,2.4285714285714284,4.0,4.0,2.5,,3.0,3.0,,,3.5
Lidl,3.6666666666666665,2.6,,2.0,3.142857142857143,1.25,4.0,1.6,3.509433962264151,2.6666666666666665,4.0,,1.5625,3.5,2.5,2.9,,2.2222222222222223
Link-Group,1.0,,,,2.6,1.0,1.0,2.0,1.3333333333333333,5.0,,,,,1.0,1.0,4.0,
LinkedIn,4.0,3.4166666666666665,3.6666666666666665,,3.25,4.0,,3.1818181818181817,,4.0,,,,3.3333333333333335,4.5,2.0,4.0,
Lloyds-Banking-Group,4.114285714285714,3.702127659574468,4.0,3.787878787878788,2.586206896551724,2.5714285714285716,1.6,2.358974358974359,3.1,3.3877551020408165,1.8333333333333333,4.25,2.0,3.3877551020408165,3.5714285714285716,3.8421052631578947,4.0,3.642857142857143
London-Underground,4.0,1.0,4.0,2.2,3.3333333333333335,,4.0,3.0,4.0,2.0,,,3.0,4.0,,2.0,4.0,3.3333333333333335
Loughborough-University,2.5,4.0,,,2.5,,,1.0,2.5,5.0,,,,2.5,4.25,,,2.5
Macdonald-Hotels-and-Resorts,5.0,,,,2.0,,,3.0,,5.0,,,,5.0,5.0,5.0,,3.0
Malmaison,,,,,,,,1.0,,,,,1.0,,,1.0,,1.0
Manchester-Metropolitan-University,3.0,4.5,,4.0,4.0,,,2.0,3.5,3.4,4.0,,,3.3333333333333335,4.0,,,4.0
Manpower,4.0,5.0,5.0,,5.0,3.0,,2.4,2.5,4.0,2.0,,,3.0,,4.0,,4.0
Marks-and-Spencer,3.5925925925925926,3.6666666666666665,5.0,2.9423076923076925,2.6470588235294117,2.8947368421052633,,2.282828282828283,3.269662921348315,3.5428571428571427,1.75,4.0,1.625,3.72972972972973,2.8823529411764706,3.3157894736842106,,2.869047619047619
Marriott-International,4.0,2.7142857142857144,4.0,4.333333333333333,3.875,1.0,,2.125,1.8333333333333333,3.3333333333333335,,,1.5,3.0,1.0,3.5,4.0,2.272727272727273
Mastercard,4.0,3.0,3.5,3.5,3.75,5.0,,4.5,4.333333333333333,4.0,,,,4.0,4.5,,,3.0
McDonald-s,3.6551724137931036,3.511627906976744,2.0,3.3157894736842106,3.5526315789473686,3.076923076923077,,1.7128712871287128,2.46,3.3692307692307693,3.625,2.0,1.4745762711864407,3.5806451612903225,3.0,3.40625,1.3333333333333333,2.9139072847682117
McKinsey-and-Company,4.333333333333333,3.5,4.0,,4.714285714285714,1.0,,1.0,3.75,3.727272727272727,,,1.2857142857142858,4.5,4.666666666666667,4.333333333333333,2.5,1.9
Mears,,1.0,,3.0,3.25,,,2.2,2.6,4.0,,,1.0,4.0,4.0,3.75,1.0,2.75
Mercer,4.25,4.142857142857143,2.0,4.0,3.111111111111111,,,2.5,1.75,3.25,,4.0,,4.0,3.75,5.0,,2.75
Met-Office,4.0,4.0,,5.0,,,,1.0,1.0,5.0,1.0,,,,,,,5.0
Metro-Bank,2.5,3.6470588235294117,,3.0,3.1739130434782608,2.6153846153846154,,3.0,2.357142857142857,3.0454545454545454,1.8,,1.0,3.2142857142857144,3.3076923076923075,3.4444444444444446,,2.4444444444444446
Michelmores,,4.5,5.0,,5.0,4.0,,3.0,,4.666666666666667,,,,4.25,3.6666666666666665,2.0,,4.0
Microsoft,4.230769230769231,3.6666666666666665,5.0,4.5,3.4,3.0,1.5,2.5454545454545454,3.090909090909091,2.7058823529411766,1.6666666666666667,2.75,2.0,3.1,3.3636363636363638,3.4,4.5,3.1818181818181817
Ministry-of-Justice-UK,2.8,2.5,3.0,4.0,3.0,4.0,4.0,1.8,1.2,4.333333333333333,,,,4.0,2.5,4.5,,4.0
Missguided,1.0,4.333333333333333,,,3.2,,,1.6666666666666667,2.3333333333333335,4.0,1.0,,1.0,4.0,4.0,4.0,,1.0
Mitie,3.25,4.0,1.0,4.0,2.8181818181818183,2.8333333333333335,1.0,1.9411764705882353,2.2222222222222223,2.7777777777777777,1.0,2.5,1.0,3.6,3.0,2.0,,1.6666666666666667
Morgan-Stanley,4.0,3.2142857142857144,5.0,4.0,3.0,2.3333333333333335,,2.625,2.6,4.125,1.0,,1.6,3.8333333333333335,3.4285714285714284,4.0,3.5,2.625
Morrisons,3.6818181818181817,2.9130434782608696,,3.2142857142857144,2.375,2.8461538461538463,1.0,1.8571428571428572,3.2033898305084745,3.2666666666666666,1.3333333333333333,,1.2941176470588236,3.7333333333333334,2.230769230769231,2.357142857142857,,2.52
Mountain-Warehouse,2.5,3.0,,4.0,4.0,3.0,,1.3333333333333333,1.0,4.5,,,1.0,2.0,1.0,1.0,,1.5
MyCSP,,4.0,,4.0,4.0,,,1.0,2.25,4.0,,,,,,4.0,,4.0
NHS,3.784313725490196,3.1,4.2,3.0925925925925926,2.7457627118644066,2.4444444444444446,4.083333333333333,2.027027027027027,2.422222222222222,3.6491228070175437,2.1666666666666665,1.0,1.6938775510204083,4.066666666666666,3.064516129032258,3.347826086956522,2.0,2.911111111111111
NHS-England,4.0,3.3333333333333335,5.0,4.0,3.25,1.0,4.0,1.8,3.0,3.6,,,1.5,4.0,3.5,2.5,,3.0
NHS-Professionals,1.0,,,3.6,2.5,1.5,,1.0,4.0,2.5,,,,4.0,3.0,1.0,,3.3333333333333335
Nando-s-UK-and-IRE,4.285714285714286,4.0,,3.4615384615384617,2.875,,,2.111111111111111,3.4375,3.625,3.0,,1.5,3.8333333333333335,2.5,1.0,1.0,2.7333333333333334
National-Institute-for-Health-and-Care-Excellence,,,,4.0,4.0,4.0,,4.0,,4.0,,4.0,,4.5,3.5,,,4.0
National-Star,,,,,,,,,,4.0,,,,,,,,
Nationwide-Building-Society,4.0476190476190474,2.8947368421052633,4.5,3.769230769230769,2.878787878787879,1.75,1.5,1.7272727272727273,2.391304347826087,3.0476190476190474,1.8,4.0,3.0,3.0833333333333335,3.1,3.3333333333333335,,3.5714285714285716
Network-Rail,3.857142857142857,3.8333333333333335,1.0,3.6315789473684212,3.1333333333333333,3.2857142857142856,4.0,2.875,3.3684210526315788,2.909090909090909,,,2.0,3.6,3.857142857142857,3.875,2.6,3.625
New-Look,4.222222222222222,4.142857142857143,2.0,2.6666666666666665,3.0,2.2,,2.4444444444444446,2.263157894736842,3.9,,,1.5,3.6666666666666665,3.5,2.8333333333333335,1.0,2.1
Newcastle-Upon-Tyne-Hospitals-NHS,,,,2.0,,,,4.0,2.5,,,,,,4.0,,,
North-Yorkshire-County-Council,4.166666666666667,4.0,,3.75,4.0,4.0,1.0,1.0,3.0,4.5,4.0,,,4.5,4.5,,,4.0
Northern-Gas-and-Power,4.363636363636363,4.615384615384615,,,4.5,4.0,5.0,3.8,4.5,4.333333333333333,4.0,,1.75,4.571428571428571,4.5,4.666666666666667,,4.384615384615385
Novotel-Hotels,4.0,4.0,,2.0,4.5,2.0,,5.0,1.3333333333333333,3.5,,,2.0,4.0,,2.0,,2.5
Nuffield-Health,3.4545454545454546,3.4545454545454546,,2.75,2.2222222222222223,2.5,,1.9090909090909092,1.7,2.8,,,1.0,3.4,3.1666666666666665,2.1666666666666665,,3.6666666666666665
Odgers-Berndtson,,4.0,,4.0,,2.0,,1.0,,4.5,,,,4.0,,,,
Office-Angels,,4.0,,4.0,2.5,,,1.0,2.0,2.5,2.0,,,4.0,4.0,,,2.5
Office-Concierge,4.0,4.0,,3.75,1.0,4.0,,,2.5,3.5,,,,4.333333333333333,4.0,4.0,2.0,3.8333333333333335
Office-for-National-Statistics,,,,,4.0,,,,1.0,5.0,,,,,,,,4.0
Oliver-Bonas,,4.0,,4.0,3.0,1.0,,2.8,3.5555555555555554,4.666666666666667,,,,2.3333333333333335,,,,3.2
Oliver-Wyman,4.0,3.5714285714285716,3.0,4.5,5.0,,,,1.3333333333333333,4.666666666666667,2.0,,2.0,3.4,3.6666666666666665,,4.0,3.0
Oracle,3.75,3.3333333333333335,,4.111111111111111,2.8947368421052633,3.5,1.0,2.2777777777777777,2.4210526315789473,3.0,1.0,4.166666666666667,2.6666666666666665,2.230769230769231,3.125,4.285714285714286,2.5,3.769230769230769
Orbit-Group,5.0,,,,5.0,3.0,,,5.0,5.0,,,,,4.0,,,
Ordnance-Survey,4.0,4.0,,4.0,4.0,4.0,,,1.0,4.0,,,,,4.0,,,4.0
Oxford-University,3.625,3.7777777777777777,2.5,3.5,2.8,3.0,,2.0,2.0,3.8181818181818183,2.25,2.0,2.5,3.375,3.0833333333333335,2.6666666666666665,3.0,3.0
Oxford-University-Press,3.0,4.25,,,1.6,1.6666666666666667,,1.75,2.0,3.9,,,,2.5,4.0,,3.0,4.0
Pearson,4.090909090909091,3.4444444444444446,2.3333333333333335,4.2,2.5,2.3333333333333335,,1.6,2.4444444444444446,3.0476190476190474,1.0,5.0,,3.25,3.4,2.5,,3.3333333333333335
Penderels-Trust,,,,,4.0,,,,,,,,,,4.0,,2.5,
Penguin-Random-House,3.0,4.0,2.0,,1.6666666666666667,,,2.0,1.0,3.8333333333333335,,,,4.0,3.0,2.0,,5.0
Pertemps,1.0,4.0,,4.0,,,,,4.5,4.0,,,,4.0,4.0,4.0,,3.5
Pizza-Hut,1.0,4.166666666666667,,2.857142857142857,2.8,2.6666666666666665,,2.2222222222222223,2.2,4.2,,,1.4,4.0,1.0,,,2.7142857142857144
Portico,,4.0,,,5.0,,,1.0,4.0,,,,2.0,4.333333333333333,4.0,,,4.0
Post-Office,2.5,3.6,5.0,4.0,3.25,,,2.6,4.2,3.857142857142857,,,1.3333333333333333,4.0,,4.0,,3.1666666666666665
Premier-Inn,4.1,3.3333333333333335,,2.8666666666666667,3.857142857142857,2.2,,2.2857142857142856,2.076923076923077,2.5454545454545454,,,2.1666666666666665,2.9285714285714284,2.75,1.75,,2.2222222222222223
Primark,1.4285714285714286,3.1379310344827585,4.0,3.1041666666666665,2.740740740740741,2.533333333333333,,2.11,2.6904761904761907,3.4477611940298507,2.0,,1.5517241379310345,3.5,3.0,2.642857142857143,3.3333333333333335,3.0
Priory-Group,,3.25,,2.75,3.5714285714285716,4.5,,2.5,1.625,3.1666666666666665,2.0,,1.1666666666666667,3.375,2.8181818181818183,3.0,,2.0
Public-Health-England,4.5,,,4.5,2.0,4.0,4.0,1.75,2.5,2.6666666666666665,,5.0,2.0,3.6666666666666665,4.5,3.6666666666666665,2.0,4.5
PwC,3.1818181818181817,3.225,3.6,4.035714285714286,3.627450980392157,2.8,4.0,2.217391304347826,1.7777777777777777,3.6,2.2857142857142856,4.5,1.5588235294117647,3.52,3.6129032258064515,3.789473684210526,2.4,2.6623376623376624
Queen-s-University-Belfast,,4.0,,,,,,,,4.0,,,,,,,,
REED,3.6666666666666665,3.909090909090909,,2.875,3.9375,2.857142857142857,1.0,2.8461538461538463,2.8947368421052633,3.9473684210526314,5.0,1.5,,3.2857142857142856,3.7083333333333335,4.0,1.0,3.0
RSM,2.0,2.25,2.0,4.0,2.0,4.0,,2.5,1.8,4.0,,,2.5,4.0,3.3333333333333335,4.0,,2.7777777777777777
RWE-Supply-and-Trading,,4.0,,,1.0,,,,,4.0,,,,,,,,
Radisson-Hotel-Group,,,,4.0,1.0,,,1.0,1.0,,,,,4.0,,3.0,4.0,4.0
Randstad,4.428571428571429,4.363636363636363,,3.8333333333333335,4.117647058823529,3.5,,3.7142857142857144,3.0,3.875,5.0,4.0,2.75,4.235294117647059,4.666666666666667,4.7,3.0,2.923076923076923
Rapport-London,1.0,4.0,,,1.0,,,1.0,4.0,3.3333333333333335,,,,2.0,1.0,1.0,,2.0
Rathbone-Brothers,,3.3333333333333335,1.0,,3.3333333333333335,,,1.0,1.0,5.0,,,,,4.0,4.0,,5.0
Reassured,3.75,4.0,,4.0,4.5,3.3333333333333335,,4.666666666666667,4.0,3.5,3.6666666666666665,4.0,2.0,4.666666666666667,5.0,4.75,,2.25
Rendall-and-Rittner,5.0,3.5,4.0,3.0,3.727272727272727,,,1.8,2.2,3.0,,1.0,,4.5,3.5,3.8,,2.0
Rentokil-Initial,3.8333333333333335,1.0,,3.75,3.5,3.5555555555555554,,2.5714285714285716,3.1,3.4545454545454546,1.5,,2.0,3.6923076923076925,4.0625,4.285714285714286,1.6666666666666667,3.5833333333333335
River-Island-Clothing,3.0,4.125,,2.6666666666666665,2.888888888888889,2.0,,1.8461538461538463,1.5714285714285714,3.75,1.0,,2.1666666666666665,3.8181818181818183,,3.0,1.0,2.75
Robert-Walters,4.333333333333333,4.666666666666667,2.0,,3.5,2.5,,2.888888888888889,1.6,2.6,2.0,2.0,2.2,3.5,3.8333333333333335,3.5,,2.5
Roche,,4.333333333333333,,,2.0,,,2.3333333333333335,1.25,3.5,,,1.0,3.3333333333333335,2.0,1.0,,1.75
Rodericks-Dental,2.5,,,,4.0,,,5.0,1.0,4.0,,,,3.0,4.666666666666667,,,4.5
Royal-Mail,4.142857142857143,2.8,3.0,3.1,3.375,1.8,3.0,1.3846153846153846,3.7567567567567566,3.388888888888889,1.5,,1.4285714285714286,3.4285714285714284,2.0,3.0,,3.0714285714285716
Ryan-LLC,,,,,,5.0,,,,4.0,,,,,5.0,,,
SAP,4.428571428571429,4.066666666666666,4.0,3.6666666666666665,4.125,2.0,5.0,2.75,4.166666666666667,3.8,1.5,,1.3333333333333333,3.75,4.0,4.333333333333333,4.5,4.0
SSE,4.333333333333333,4.5,,4.0,2.75,2.0,,2.875,3.5555555555555554,3.8,2.0,5.0,1.0,4.0,4.5,4.5,2.5,3.6
Sage,3.96,3.5555555555555554,5.0,4.285714285714286,3.272727272727273,2.7,,2.7,3.357142857142857,3.5,2.6666666666666665,3.0,5.0,3.176470588235294,3.4285714285714284,3.5,2.0,4.384615384615385
Sainsbury-s,3.3333333333333335,3.6923076923076925,4.0,3.217391304347826,3.3636363636363638,1.875,,2.0,3.4375,3.5652173913043477,2.0,4.0,1.6153846153846154,3.5384615384615383,3.0,3.5,,2.6538461538461537
Salesforce,4.583333333333333,3.896551724137931,5.0,5.0,3.130434782608696,2.3333333333333335,,3.0,4.571428571428571,3.8125,5.0,,1.8333333333333333,3.857142857142857,3.4,4.75,2.0,3.7777777777777777
Sanctuary-Group,,1.0,,4.0,1.0,1.0,,1.25,3.4285714285714284,2.0,,,,2.4,1.75,1.0,,2.6666666666666665
Santander,3.923076923076923,3.625,2.0,3.25,2.6875,2.3333333333333335,1.0,1.9473684210526316,2.3636363636363638,3.5384615384615383,3.2,1.0,1.6666666666666667,2.909090909090909,3.5555555555555554,4.111111111111111,,3.5652173913043477
Savills,4.0,3.25,,2.0,3.6,4.0,,4.0,3.0,3.75,,2.0,2.0,3.25,3.0,,,
ScS-Sofas,,2.0,,1.0,,,,1.0,2.0,,1.0,,,,,,,1.0
Scottish-Widows,,,,,,,,,,,,,,,4.0,,,
Search-Consultancy,,4.0,,,4.5,,,2.0,3.0,4.5,,,,3.2,3.5,4.2,,
Serco-Group,1.0,3.5714285714285716,1.0,3.125,2.6,1.6666666666666667,2.0,1.6923076923076923,2.066666666666667,4.1,1.0,4.0,1.0,3.125,2.142857142857143,1.75,4.0,3.25
Skipton-Building-Society,,4.0,,,2.5,4.0,1.0,1.0,3.0,3.3333333333333335,,,,5.0,,3.0,,
Sky,4.269230769230769,3.723404255319149,3.2,3.3529411764705883,2.717948717948718,2.8333333333333335,1.0,1.8,2.888888888888889,3.7027027027027026,1.75,3.6666666666666665,1.875,2.9615384615384617,3.5454545454545454,2.0,2.25,3.1379310344827585
Sodexo,3.25,3.4,2.0,2.7,3.5555555555555554,2.0,,1.8666666666666667,2.7333333333333334,3.7777777777777777,,,1.0,3.5,3.3333333333333335,4.0,1.0,2.5
Somerset-County-Council,3.0,1.0,,,1.0,,,2.5,,1.0,,,,4.0,3.5,3.5,,
Sotheby-s,2.0,4.0,,,2.3333333333333335,,,1.0,1.0,4.333333333333333,,,1.0,2.5,,,,1.0
Specsavers,4.0,2.857142857142857,,2.75,3.0,2.5,4.0,1.3333333333333333,1.5333333333333334,3.0,1.5,,1.75,4.0,4.333333333333333,2.75,,2.0
Spire-Healthcare,1.0,3.0,,,3.0,2.5,,3.0,2.25,,,,1.0,4.25,3.0,,,4.0
Sport-England,,4.0,,,,4.0,,,4.0,4.0,,,,4.0,4.0,,,
St-James-s-Place-Wealth-Management,4.0,1.6666666666666667,1.0,,1.0,,,,4.0,2.3333333333333335,1.0,,,,2.5,4.0,,3.0
Standard-Life-Aberdeen,,4.0,,,1.5,,,2.5,1.25,4.0,,,4.0,4.0,,4.0,,4.0
Student-Loans-Company,1.5,4.0,2.0,3.6,1.5,2.3333333333333335,,2.4285714285714284,1.4285714285714286,2.3333333333333335,,1.0,2.5,2.0,4.0,1.0,,4.0
Surrey-County-Council,,,,4.0,3.0,2.0,,,,,,,,3.3333333333333335,2.0,,,4.0
Sytner,4.333333333333333,4.125,5.0,5.0,4.0,,,4.444444444444445,1.25,4.222222222222222,2.0,,1.3333333333333333,4.333333333333333,4.4,4.0,,3.4
TLT,4.0,1.5,,,5.0,,,3.0,2.0,3.0,,,1.5,3.0,5.0,,,3.5
TUI-Group,2.75,3.4,1.0,3.75,2.7142857142857144,1.0,,2.888888888888889,1.3333333333333333,4.5,,,1.0,4.0,2.6666666666666665,2.5,3.5,3.25
Tate,,,,4.0,,,,,,2.0,,,,,4.0,,,
Tate-Recruitment,5.0,1.0,,,1.0,,,1.0,1.0,5.0,,,1.0,5.0,5.0,4.5,,
Taylor-Wimpey,4.333333333333333,4.5,4.0,4.0,3.6666666666666665,,,3.0,2.8333333333333335,4.25,,,,4.0,3.4,,2.0,3.5
Tesco,3.463768115942029,3.701492537313433,,3.263157894736842,2.710843373493976,2.2142857142857144,2.25,1.9137931034482758,3.2548262548262548,3.4583333333333335,2.5,1.0,1.4901960784313726,3.1758241758241756,3.0357142857142856,2.7586206896551726,1.5,2.7445255474452557
The-Access-Group-UK,4.25,4.285714285714286,2.6666666666666665,4.333333333333333,3.0,2.75,1.0,1.8571428571428572,1.8571428571428572,3.0588235294117645,2.3333333333333335,,,2.8,2.3846153846153846,1.0,,3.4
The-British-Army,3.0714285714285716,3.2,3.3333333333333335,4.0,3.5185185185185186,2.7142857142857144,4.0,2.2,2.8333333333333335,4.5,,,1.0,4.4,2.6666666666666665,4.25,3.857142857142857,2.6666666666666665
The-Department-for-Education-UK,4.0,3.3333333333333335,4.0,4.0,3.2,2.6666666666666665,,3.0,2.5,4.0,,4.0,2.5,4.0,4.0,4.0,,3.4
The-Ivy-Collection,4.0,3.0,,,4.5,,,3.0,2.0,4.0,,,1.3333333333333333,4.25,4.5,5.0,,2.3333333333333335
The-London-Clinic,,,,4.0,2.5,,,1.0,,4.0,,,,,4.0,,,
The-Open-University,2.5,4.25,,4.333333333333333,3.6,4.0,,2.0,2.5,3.6666666666666665,,2.6666666666666665,3.5,2.0,3.0,3.3333333333333335,4.0,3.8
The-Range,1.0,1.75,,4.0,1.6,1.0,,1.0,1.4545454545454546,4.2,,,1.4285714285714286,3.3333333333333335,2.2,2.0,,2.076923076923077
The-Royal-Marsden-NHS-Foundation-Trust,4.0,2.0,,2.0,,,,2.3333333333333335,1.0,4.5,,,,2.0,,,,2.0
The-Salvation-Army,1.5,4.5,,3.0,2.25,,2.0,1.3333333333333333,2.0,3.6666666666666665,,,,4.0,2.0,4.0,,3.0
The-White-Company,4.0,4.0,,2.0,1.3333333333333333,4.0,4.0,1.0,1.7142857142857142,3.0,4.0,,,2.8333333333333335,1.0,2.0,,2.75
Thomas-Cook,3.6666666666666665,3.0,4.0,,3.0,,,2.769230769230769,3.4285714285714284,4.214285714285714,1.5,,1.0,4.083333333333333,3.5,3.3333333333333335,4.2,2.2857142857142856
Thomson-Reuters,4.111111111111111,3.857142857142857,4.5,4.0,2.5294117647058822,2.6666666666666665,,2.6923076923076925,2.090909090909091,3.7083333333333335,4.5,,2.0,3.5,3.769230769230769,4.0,3.0,3.8823529411764706
Time-Etc,,5.0,,,5.0,,,5.0,5.0,5.0,5.0,,,5.0,5.0,,,4.0
Topshop,2.8,3.5,,1.8888888888888888,2.4444444444444446,1.0,,1.5263157894736843,1.75,3.263157894736842,,,1.0,3.0,2.5,1.0,,1.5
Tower-Hamlets-Council,4.0,,,,1.0,,,,4.0,,,,,4.0,,4.0,,
Transport-for-London,4.166666666666667,3.8,,3.3333333333333335,2.764705882352941,3.6666666666666665,,1.7,3.0625,2.6153846153846154,2.6666666666666665,,2.5,3.5,4.0,4.0,4.230769230769231,3.6875
Travelodge-Hotels-UK,3.25,3.875,5.0,3.0,3.9473684210526314,3.125,,2.64,2.2142857142857144,3.9411764705882355,2.0,,2.2,3.85,3.0833333333333335,4.166666666666667,4.0,2.52
UHMBT,,,,,4.0,,,,,3.0,,,,,,,,
UK-Atomic-Energy-Authority,4.0,4.0,,4.0,4.0,,,,2.0,4.0,,,,,,,,4.0
UK-Ministry-of-Defence,4.090909090909091,5.0,4.0,4.0,2.769230769230769,2.6,4.0,1.25,2.411764705882353,3.375,,,1.5,3.0,4.0,4.0,3.2222222222222223,3.0
Unilever,4.181818181818182,3.8421052631578947,4.0,4.2,2.0714285714285716,3.0,4.0,1.9230769230769231,1.5555555555555556,4.133333333333334,4.0,,1.0,3.7142857142857144,3.0,2.5,4.0,3.2222222222222223
United-Utilities,4.0,3.5,4.0,2.0,3.5,4.0,,2.0,4.0,,,,2.0,4.0,2.5,,,
Unity-Technologies,4.0,4.0,,5.0,2.6666666666666665,,,5.0,4.0,3.0,,,3.0,2.0,4.0,3.0,2.0,3.5
University-College-London,3.0,3.4545454545454546,4.5,4.133333333333334,2.6818181818181817,3.3333333333333335,5.0,2.0,2.2777777777777777,3.8947368421052633,,4.0,2.0,3.642857142857143,3.5,3.6666666666666665,,3.4285714285714284
University-College-London-Hospitals,,,,,,,,1.0,4.0,2.5,,1.0,,2.5,1.0,4.0,,4.0
University-Hospitals-of-Leicester,,,,,,,,,,,,,,5.0,,,,
University-of-Bath,3.4,3.5,,4.0,3.5,2.0,5.0,1.0,3.5,4.333333333333333,,,,5.0,5.0,,2.0,3.8
University-of-Birmingham,2.5,4.0,,3.5,3.75,2.0,4.0,3.3333333333333335,2.4166666666666665,3.3333333333333335,2.0,,2.0,3.0,3.0,,,3.25
University-of-Bradford,,4.0,,2.0,4.0,,,1.0,4.0,4.0,,,,5.0,,,4.0,
University-of-Bristol,3.3333333333333335,4.0,,3.625,2.5,3.3333333333333335,3.0,2.5714285714285716,2.727272727272727,4.166666666666667,4.0,2.0,3.0,3.25,3.0,3.0,,3.4285714285714284
University-of-Cambridge,3.5,3.9565217391304346,,4.0,2.933333333333333,1.6666666666666667,1.0,1.8,1.55,3.9545454545454546,3.0,,1.625,3.5714285714285716,4.333333333333333,4.333333333333333,,3.0
University-of-Durham,4.0,3.625,2.0,2.6666666666666665,2.6666666666666665,,,3.3333333333333335,3.0,3.5,4.0,,2.5,3.3333333333333335,2.0,4.0,,3.3333333333333335
University-of-Huddersfield,,,,,,,,,,,,,,,,4.0,,
University-of-Hull,,4.0,,,4.0,,,,,,,,,2.0,,,,
University-of-Leeds,3.6666666666666665,3.5555555555555554,,4.0,2.8,2.0,,4.0,3.25,3.6666666666666665,4.0,,,3.6,3.5,3.25,,4.0
University-of-Leicester,,4.5,,2.5,,3.0,,3.25,3.3333333333333335,4.0,,,,3.25,3.75,,,3.0
University-of-Liverpool,,4.25,,,1.5,4.0,1.0,1.0,3.3333333333333335,3.0,,,,5.0,4.5,,,4.0
University-of-Manchester,1.3333333333333333,4.0,4.5,4.0,3.0,2.0,1.0,2.0,3.0,3.5,2.0,,,3.25,3.2,2.5,,3.25
University-of-Michigan,,4.0,,,,,,,,4.0,,,,,,,,
University-of-Newcastle-UK,,4.25,2.0,3.5,3.0,4.0,,1.0,2.4,3.25,4.0,,,4.0,4.0,,,3.75
University-of-Nottingham,4.0,2.5,,3.25,2.4,1.0,,2.25,3.0,3.4,1.0,1.0,,3.3333333333333335,4.5,4.0,,3.6666666666666665
University-of-Reading,1.0,,5.0,4.2,1.0,,,4.0,2.5,4.5,1.0,,,4.0,,,,3.6
University-of-Sheffield,3.0,3.4285714285714284,4.5,4.0,3.6,1.8333333333333333,1.0,1.8333333333333333,2.125,3.0,2.5,,1.0,3.7,3.8,3.3333333333333335,,3.0
University-of-Southampton,4.0,4.0,,4.0,2.0,,2.5,3.0,1.75,4.0,,4.0,2.6666666666666665,3.75,4.0,5.0,,3.75
University-of-Warwick,,3.625,,4.0,2.5,4.0,,3.3333333333333335,3.6666666666666665,4.0,,1.0,1.0,4.333333333333333,4.0,4.0,2.0,4.0
University-of-York,,1.0,,4.0,4.0,,,2.5,4.0,5.0,4.0,,,4.0,3.8333333333333335,4.0,,3.0
University-of-the-Arts-London,3.5,2.0,1.0,,,,,1.0,2.0,2.5,,,,1.0,4.0,5.0,,
University-of-the-West-of-England,,5.0,,,,,,,,,,,,,,,,
VMware,4.25,4.5,1.0,2.5,4.25,4.0,,1.3333333333333333,3.0,3.1666666666666665,,,,4.6,3.5714285714285716,2.0,4.0,3.0
Valuation-Office-Agency,4.0,2.5,,4.0,2.0,,,1.0,,3.0,,,,,,1.0,,4.0
Veolia,3.0,3.0,,3.5,2.875,3.0,,1.7142857142857142,2.75,4.0,,,1.0,3.0,3.0,3.0,1.0,3.4
Vets-Now,,,,2.0,2.0,3.0,,,2.0,,,,1.5,4.0,,2.0,,3.25
Vets4Pets,4.0,,,,4.5,,,,2.0,4.5,,,1.0,4.4,,5.0,,1.6666666666666667
Virgin-Active,3.625,4.0,,3.1666666666666665,3.5,1.5,4.0,2.9285714285714284,1.8888888888888888,4.2,,,1.6666666666666667,3.3333333333333335,4.0,3.0,,2.25
Virgin-Media,4.3076923076923075,3.9411764705882355,4.0,3.1818181818181817,3.1,3.0,,2.3125,3.5384615384615383,3.411764705882353,,,1.2857142857142858,3.8,1.625,3.7142857142857144,2.0,2.75
Vodafone,3.6666666666666665,3.515151515151515,4.4,3.736842105263158,2.891891891891892,2.3076923076923075,,2.3421052631578947,3.15,3.6333333333333333,2.8,4.0,2.0,2.9310344827586206,2.8095238095238093,3.111111111111111,2.4,2.875
WHSmith,1.6666666666666667,3.0,,3.4166666666666665,2.4285714285714284,1.0,,1.7272727272727273,1.8461538461538463,3.090909090909091,1.0,,1.0,3.3,1.75,2.5,1.5,2.3043478260869565
WLT-Group,2.5,2.4,,3.5,2.5,1.0,1.0,1.5833333333333333,2.0,3.25,,3.5,1.0,2.5,1.5,1.0,,4.0
Waitrose,4.083333333333333,3.875,2.3333333333333335,3.0681818181818183,2.3333333333333335,2.3636363636363638,2.5,2.189189189189189,3.7419354838709675,3.4523809523809526,3.5,,1.7333333333333334,3.9166666666666665,3.2,3.2142857142857144,1.0,2.757142857142857
Wellington-Management,,4.0,,,,,,,,,,,1.0,,,,,1.0
West-Sussex-County-Council,4.0,1.0,,4.0,1.0,1.0,,2.0,3.3333333333333335,4.0,,,,3.0,,4.0,,4.0
Whitbread,4.25,3.4,,2.857142857142857,3.125,2.1666666666666665,,3.0,2.6666666666666665,3.0,2.0,,1.8,3.7142857142857144,3.75,1.0,,2.4545454545454546
Willis-Towers-Watson,3.5,3.5,2.0,4.0,3.0,4.0,,1.5,2.5,4.25,3.0,,2.0,3.2857142857142856,3.2857142857142856,3.25,,3.8333333333333335
Willmott-Dixon,4.5,4.5,,4.0,,2.0,,3.6666666666666665,2.5,4.5,,,1.0,3.0,5.0,4.0,,3.0
Wipro,2.6,2.8,,1.0,2.6666666666666665,4.0,,1.5,1.8181818181818181,2.888888888888889,,,,1.0,3.25,2.5,,4.0
Wise,4.0,3.6666666666666665,,3.0,3.25,2.6666666666666665,,,4.0,3.769230769230769,2.6666666666666665,2.0,,2.6666666666666665,3.6666666666666665,3.5,,3.3333333333333335
Workday,4.0,4.5,,,,,,1.0,1.0,,,,,4.0,4.5,,,
XPO-Logistics,2.6666666666666665,3.8181818181818183,4.0,3.0,4.285714285714286,4.0,5.0,2.2,2.875,3.8181818181818183,2.0,,1.0,4.25,4.363636363636363,4.5,,3.1
XPS-Pensions-Group,2.0,,,,,,,,,,,,,,,,,
YOOX-NET-A-PORTER-GROUP,2.5,1.5714285714285714,,1.5,1.6,1.0,,1.0,2.0,1.0,,,,1.75,3.0,,,2.0
ibis,,4.0,,,,,,,,,,,,,,1.0,,
mydentist-UK,,,,,1.0,2.5,,1.0,1.0,,,,,4.0,,4.0,,
next,3.75,3.5,,3.4285714285714284,2.736842105263158,1.9166666666666667,,2.3015873015873014,2.8,3.2,2.2,,1.25,3.5483870967741935,2.6923076923076925,2.611111111111111,,2.9038461538461537
the-LEGO-Group,4.0,,,,1.5,4.0,,1.5,3.25,3.5,,,,2.6666666666666665,1.0,,,4.0
