benefits,culture,diversity & inclusion,flexibility,growth,job role clarity,job security,management,pay,people,performance feedback,remote work,stress & pressure,teamwork & collaboration,tools & resources,training & onboarding,travel,work-life balance
3.0,4.5,,2.5,3.5,1.0,,2.2222222222222223,1.8333333333333333,3.4545454545454546,2.5,,4.0,2.7142857142857144,2.0,2.0,,3.25
2.769230769230769,3.7,1.0,3.3333333333333335,3.8181818181818183,1.6666666666666667,,3.125,2.6,3.35,,,2.0,3.9166666666666665,4.090909090909091,4.571428571428571,,3.3333333333333335
3.925925925925926,3.204081632653061,2.5,2.7209302325581395,2.8028169014084505,2.909090909090909,4.0,1.8613861386138615,3.907488986784141,3.185185185185185,2.4285714285714284,,1.5757575757575757,3.619047619047619,2.625,2.272727272727273,1.6666666666666667,2.4444444444444446
3.857142857142857,3.5,2.0,4.166666666666667,3.3,3.4,1.5,2.5833333333333335,3.0,3.6875,1.0,,1.5,3.25,3.0,4.5,,3.923076923076923
3.407766990291262,3.3834586466165413,3.6666666666666665,3.173758865248227,2.7388059701492535,2.5142857142857142,3.0,1.9023809523809523,2.9669211195928753,3.2031602708803613,2.1176470588235294,3.2,1.65625,3.6621621621621623,2.6933333333333334,2.646153846153846,2.0,2.668141592920354
3.8073394495412844,3.5765765765765765,3.142857142857143,2.6857142857142855,2.4741379310344827,2.4,1.0,1.6341463414634145,2.5142857142857142,3.342857142857143,1.7,4.5,2.0,2.7567567567567566,3.0357142857142856,4.0,2.0,3.0535714285714284
4.107142857142857,3.8076923076923075,4.375,3.8666666666666667,3.268292682926829,2.9166666666666665,,3.238095238095238,3.230769230769231,3.8372093023255816,2.25,3.0,1.5,3.823529411764706,3.689655172413793,3.25,1.25,4.375
3.3846153846153846,4.243243243243243,5.0,4.5,3.517857142857143,3.0,1.5,3.25,2.5,4.315789473684211,3.4,,1.0,3.9285714285714284,3.9444444444444446,2.75,2.857142857142857,4.0
4.007751937984496,3.2252747252747254,3.75,3.7419354838709675,3.126943005181347,2.7832167832167833,2.6666666666666665,2.2913907284768213,2.556701030927835,3.631284916201117,2.0416666666666665,3.6875,1.5846153846153845,3.5576923076923075,3.3740458015267176,3.7131147540983607,2.8202247191011236,2.4603174603174605
3.933333333333333,3.933333333333333,,3.2857142857142856,3.473684210526316,2.3333333333333335,,2.526315789473684,1.9705882352941178,3.823529411764706,,4.0,1.9090909090909092,2.7777777777777777,3.3333333333333335,3.7857142857142856,,2.5
,,,,,,,,,,,,,4.0,,,,
4.0,4.166666666666667,,4.0,4.142857142857143,3.6666666666666665,,2.5,2.5,4.0,4.0,,1.0,4.0,4.5,5.0,,3.0
,3.5,,3.0,4.0,4.0,,2.8181818181818183,2.2857142857142856,3.5454545454545454,2.0,,1.0,3.6,2.625,2.5,2.5,2.466666666666667
3.1666666666666665,3.375,4.0,3.5,3.6923076923076925,2.6666666666666665,2.0,2.3846153846153846,3.2916666666666665,4.166666666666667,4.5,,2.0,3.3636363636363638,4.25,3.6875,,2.9
3.75,3.4,,4.0,2.0,3.25,,3.0,1.2857142857142858,4.090909090909091,,,,3.9166666666666665,3.0,3.5,1.5,4.0
4.333333333333333,3.5833333333333335,4.5,3.5,3.142857142857143,2.0,,3.0,2.909090909090909,3.642857142857143,,,1.75,3.9,4.333333333333333,2.0,2.5714285714285716,2.5384615384615383
4.085106382978723,3.8636363636363638,4.2,3.6382978723404253,3.3473684210526318,3.1153846153846154,2.6,2.4074074074074074,2.59375,3.7260273972602738,2.4,3.3636363636363638,2.1538461538461537,3.3859649122807016,3.423076923076923,3.388888888888889,3.3076923076923075,3.802469135802469
3.3076923076923075,3.380952380952381,,3.35,3.022222222222222,2.4285714285714284,2.5,2.142857142857143,2.189189189189189,3.736842105263158,3.2,4.0,1.1666666666666667,3.6296296296296298,3.3181818181818183,2.9285714285714284,1.75,2.9722222222222223
1.0,4.0,,2.5,1.0,3.0,,1.25,2.8,2.8,,,2.3333333333333335,4.0,,3.0,,3.0
4.3125,4.1875,5.0,3.966666666666667,3.7169811320754715,3.3,4.2,3.111111111111111,3.6153846153846154,3.9361702127659575,3.1666666666666665,4.0,2.6,4.0,4.038461538461538,3.875,2.4,3.761904761904762
4.0,4.0,,2.0,3.4285714285714284,2.0,,2.7142857142857144,4.0,4.25,,,,3.75,3.0,,4.0,3.0
4.0,2.0,4.0,4.0,3.3333333333333335,,,3.0,4.0,2.75,3.0,,,,2.0,2.0,,4.0
3.8275862068965516,3.484848484848485,3.2857142857142856,4.0,2.7804878048780486,3.1666666666666665,,2.586206896551724,2.0,3.5306122448979593,2.3,3.8,1.6666666666666667,3.6551724137931036,3.2,3.7,2.6666666666666665,3.3
4.224299065420561,3.75,4.25,3.0,2.6,2.3870967741935485,2.0,2.4831460674157304,3.012987012987013,3.982905982905983,2.7142857142857144,2.0,1.9565217391304348,3.727272727272727,3.6551724137931036,3.6785714285714284,2.3333333333333335,2.9178082191780823
3.1904761904761907,3.066666666666667,,2.9473684210526314,2.404255319148936,2.235294117647059,2.0,2.0491803278688523,1.826086956521739,3.4155844155844157,1.4,,1.7058823529411764,3.0833333333333335,2.235294117647059,2.8666666666666667,,2.5853658536585367
3.8,2.5,,3.0,3.727272727272727,2.2857142857142856,4.0,2.4285714285714284,3.2857142857142856,2.8333333333333335,2.5,,1.6666666666666667,3.5,2.75,3.5,3.0,2.5833333333333335
3.9019607843137254,3.769230769230769,4.0,3.5,3.0641025641025643,2.3125,,2.5,3.2045454545454546,3.433333333333333,2.272727272727273,2.7142857142857144,2.076923076923077,3.074074074074074,3.235294117647059,3.090909090909091,3.0,3.1707317073170733
3.888888888888889,3.240740740740741,2.909090909090909,3.6666666666666665,2.7777777777777777,2.909090909090909,2.0,2.183673469387755,2.7209302325581395,3.305084745762712,2.0,,1.6,3.323529411764706,3.24,4.111111111111111,1.6,3.3846153846153846
2.3333333333333335,3.811320754716981,5.0,2.8,3.8607594936708862,3.3333333333333335,4.5,2.5081967213114753,1.624,3.49,3.8,,1.7692307692307692,3.8125,3.4482758620689653,3.2903225806451615,2.0,2.4471544715447155
3.880952380952381,3.5892857142857144,3.3333333333333335,3.1384615384615384,3.0428571428571427,2.68,3.25,2.067073170731707,3.1468531468531467,3.56551724137931,1.7692307692307692,2.0,1.3703703703703705,3.7439024390243905,3.0,2.1666666666666665,2.3333333333333335,2.7906976744186047
4.458333333333333,3.4210526315789473,3.3333333333333335,3.272727272727273,3.5588235294117645,3.5,,2.0,4.096774193548387,3.857142857142857,2.8,,1.4285714285714286,2.769230769230769,2.75,3.6,5.0,2.6
2.742857142857143,3.78,2.6,3.9298245614035086,2.7866666666666666,2.7419354838709675,3.0,1.9375,1.7435897435897436,3.6857142857142855,1.625,3.6666666666666665,1.8571428571428572,3.5753424657534247,3.5357142857142856,4.0,3.0,3.703125
3.1666666666666665,3.4489795918367347,2.8333333333333335,3.5625,2.923076923076923,3.090909090909091,1.0,2.5,2.2444444444444445,3.6511627906976742,2.25,3.25,2.0,3.9393939393939394,3.391304347826087,3.1176470588235294,3.0,3.276923076923077
2.75,3.7777777777777777,,3.2222222222222223,2.75,3.25,,2.1904761904761907,1.5714285714285714,3.5384615384615383,,,1.9090909090909092,3.5,1.0,3.2,,2.5625
,2.3333333333333335,,,2.3333333333333335,,,2.3333333333333335,1.0,4.0,,,,4.0,4.0,2.5,,4.0
3.8214285714285716,3.28,2.75,3.5714285714285716,2.159090909090909,3.125,4.0,2.2325581395348837,2.0980392156862746,3.7547169811320753,2.6,1.0,2.769230769230769,3.2666666666666666,3.5384615384615383,4.333333333333333,2.6666666666666665,3.8035714285714284
3.6153846153846154,3.2972972972972974,4.333333333333333,3.5625,2.849056603773585,2.6315789473684212,,1.8444444444444446,1.7826086956521738,3.6944444444444446,2.4,4.0,1.6666666666666667,2.9130434782608696,2.5384615384615383,2.3157894736842106,4.0,3.2162162162162162
3.9545454545454546,3.4823529411764707,3.590909090909091,3.3125,2.7476635514018692,2.7419354838709675,1.7142857142857142,2.3333333333333335,3.347826086956522,3.6875,2.5833333333333335,4.0,1.5454545454545454,3.238095238095238,3.4615384615384617,3.4545454545454546,3.0833333333333335,3.55
3.5833333333333335,3.875,3.8,3.9166666666666665,3.1724137931034484,3.2857142857142856,,2.260869565217391,1.9375,3.9655172413793105,2.375,3.3333333333333335,2.0,3.0357142857142856,3.6666666666666665,4.1,2.5,2.9285714285714284
3.9290780141843973,3.2295081967213113,3.3,3.552380952380952,2.9423076923076925,3.1206896551724137,2.25,2.118811881188119,2.8055555555555554,3.5165876777251186,1.7857142857142858,3.5625,1.627906976744186,3.18348623853211,3.26,3.1923076923076925,2.9166666666666665,3.377483443708609
3.4545454545454546,2.71875,4.25,4.083333333333333,2.617021276595745,2.1538461538461537,3.8333333333333335,2.1454545454545455,3.1041666666666665,3.260869565217391,2.4,,1.75,3.0714285714285716,2.6923076923076925,2.608695652173913,3.8333333333333335,3.0217391304347827
3.324324324324324,3.021276595744681,3.25,3.1818181818181817,2.736842105263158,2.2222222222222223,1.8,1.8222222222222222,2.25,3.2790697674418605,1.8333333333333333,2.75,2.111111111111111,3.0851063829787235,2.9655172413793105,2.0,4.0,3.0588235294117645
4.461538461538462,4.086956521739131,3.2857142857142856,3.8,3.9393939393939394,2.0,4.0,3.6666666666666665,4.076923076923077,4.12,4.666666666666667,,2.0,4.0,4.222222222222222,4.571428571428571,3.0,2.4791666666666665
2.8461538461538463,3.076923076923077,2.5,3.5555555555555554,2.8444444444444446,1.8461538461538463,3.5,2.051282051282051,2.1964285714285716,3.4285714285714284,1.25,,1.3157894736842106,3.3703703703703702,2.892857142857143,2.8260869565217392,2.857142857142857,2.3255813953488373
3.5,3.8,,2.8636363636363638,4.068965517241379,3.142857142857143,1.0,2.857142857142857,2.1818181818181817,3.588235294117647,3.0,,3.0,3.9285714285714284,3.875,3.7222222222222223,4.0,2.933333333333333
4.1875,3.066666666666667,,3.0,3.933333333333333,3.3333333333333335,,2.4473684210526314,1.8695652173913044,3.1052631578947367,3.0,,1.5,3.90625,3.282051282051282,3.090909090909091,2.5,2.1
3.995983935742972,3.401114206128134,4.0212765957446805,3.7795698924731185,2.9622641509433962,2.462686567164179,2.0,2.254125412541254,2.8320413436692506,3.607594936708861,2.4186046511627906,3.5757575757575757,1.6538461538461537,3.139442231075697,3.132183908045977,3.2,3.119047619047619,3.3929712460063897
2.5,3.3846153846153846,,3.111111111111111,1.5,2.875,,2.1785714285714284,1.2727272727272727,3.76,4.0,,1.125,3.6842105263157894,2.2666666666666666,3.2857142857142856,2.5,2.3
2.0,,1.0,4.5,4.0,,,2.3333333333333335,4.0,3.75,,,,2.0,5.0,1.5,,4.0
4.5,4.0,4.0,,3.8,3.5,,5.0,2.6666666666666665,4.0,,,2.5,5.0,5.0,4.5,,3.5
4.0,4.076923076923077,4.5,2.8333333333333335,3.4782608695652173,3.0,1.0,3.1176470588235294,3.142857142857143,3.857142857142857,3.0,1.0,2.25,3.1875,3.642857142857143,4.166666666666667,3.6666666666666665,3.4166666666666665
3.0,3.5714285714285716,2.5,3.3333333333333335,2.6153846153846154,2.6666666666666665,4.0,1.411764705882353,2.6363636363636362,3.473684210526316,,,1.0,3.25,3.230769230769231,3.4285714285714284,1.0,2.2857142857142856
4.714285714285714,3.3,3.5,4.5,3.1666666666666665,2.75,,1.8,3.125,3.6363636363636362,,4.0,1.0,3.6666666666666665,4.25,3.25,,2.5
4.0,4.0,,3.125,1.0,1.5,,2.0,2.5,3.2857142857142856,,,1.0,4.0,,1.75,,2.2857142857142856
3.75,3.888888888888889,,4.5,3.0,3.0,,3.25,2.3333333333333335,4.090909090909091,1.0,5.0,4.0,4.25,5.0,,4.0,3.5714285714285716
,3.888888888888889,5.0,4.0,3.857142857142857,3.0,,2.6,3.230769230769231,3.8461538461538463,,,3.0,3.923076923076923,3.857142857142857,,,3.75
3.986842105263158,3.4328358208955225,3.2,2.764705882352941,3.11,2.9130434782608696,1.5,1.8303571428571428,2.9431818181818183,3.5725806451612905,1.5625,1.2,1.9761904761904763,3.0675675675675675,3.411764705882353,3.926829268292683,3.0588235294117645,2.7222222222222223
3.5714285714285716,3.909090909090909,,3.2142857142857144,3.5625,3.5,,2.588235294117647,2.727272727272727,3.8421052631578947,3.0,,2.75,4.214285714285714,3.8,3.642857142857143,3.0,2.5454545454545454
4.5,4.6,,4.0,3.875,4.0,,3.3,4.25,3.769230769230769,2.6666666666666665,4.0,3.0,3.4444444444444446,3.5,4.0,3.0,2.3333333333333335
3.8680555555555554,3.7314285714285713,4.071428571428571,2.828125,2.9204545454545454,2.40625,2.25,2.0454545454545454,2.8857142857142857,3.5841584158415842,2.380952380952381,2.6,1.6111111111111112,3.1132075471698113,3.2203389830508473,3.736842105263158,3.2941176470588234,2.7228915662650603
3.38,3.504424778761062,2.0,2.9767441860465116,3.1379310344827585,2.5454545454545454,3.2,2.0501672240802677,3.1314984709480123,3.381818181818182,1.75,1.0,1.5128205128205128,3.270967741935484,2.7746478873239435,3.1666666666666665,2.4285714285714284,2.6328125
3.5833333333333335,2.2857142857142856,,4.0,2.4545454545454546,2.0,,1.6176470588235294,2.2666666666666666,3.388888888888889,,,1.7,3.3181818181818183,2.4210526315789473,3.263157894736842,1.0,2.25
4.571428571428571,3.625,3.75,3.2,3.5217391304347827,2.5,,3.0,3.7777777777777777,4.2,3.25,,2.2,3.857142857142857,3.125,3.6666666666666665,2.0,2.3461538461538463
3.25,4.0625,3.0,4.5,3.6666666666666665,5.0,,2.3529411764705883,2.1,3.888888888888889,,,,3.272727272727273,4.0,4.25,,3.5
3.7218934911242605,2.9622641509433962,3.0,3.044642857142857,2.7111111111111112,3.0208333333333335,1.7,1.6536796536796536,2.201793721973094,3.6950354609929077,1.8181818181818181,2.3333333333333335,1.456140350877193,3.0918367346938775,3.0,3.5660377358490565,3.867283950617284,2.3
3.3333333333333335,3.0714285714285716,3.25,3.4285714285714284,2.142857142857143,2.5,1.0,2.0,2.4545454545454546,3.3,2.0,,1.5,3.6666666666666665,3.7777777777777777,3.076923076923077,2.0,4.0
1.0,4.0,,3.0,2.3,2.8,,1.6666666666666667,2.590909090909091,3.2222222222222223,2.5,4.0,1.8333333333333333,4.333333333333333,3.076923076923077,2.769230769230769,1.0,1.9
4.166666666666667,4.166666666666667,,5.0,4.111111111111111,4.6,,3.6666666666666665,4.0,4.5,,,,3.888888888888889,4.333333333333333,4.5,,4.5
3.576923076923077,3.5,4.142857142857143,3.3142857142857145,3.2666666666666666,2.65,2.0,2.102272727272727,2.52,3.6,2.8,5.0,1.6363636363636365,3.4035087719298245,3.618181818181818,2.761904761904762,2.5714285714285716,3.1333333333333333
3.9240506329113924,2.8955223880597014,2.25,2.357142857142857,1.7285714285714286,2.0416666666666665,2.5,1.6385542168674698,2.23728813559322,3.2432432432432434,2.0,4.0,1.6666666666666667,2.7083333333333335,2.473684210526316,2.7083333333333335,4.5,2.566666666666667
2.8666666666666667,3.7045454545454546,3.8,2.9285714285714284,3.303030303030303,3.0714285714285716,2.5,2.2666666666666666,2.0625,3.6,2.6666666666666665,2.0,1.9375,3.41025641025641,3.064516129032258,3.392857142857143,2.0,2.891891891891892
4.2,3.8,,4.125,4.125,3.3333333333333335,,2.0,3.2,3.0,2.5,,1.75,3.75,2.9375,4.0,,3.230769230769231
4.230769230769231,3.25,4.0,3.6666666666666665,3.0588235294117645,2.6,,1.8095238095238095,2.857142857142857,3.388888888888889,1.0,,3.0,3.0714285714285716,3.7142857142857144,4.333333333333333,1.5,3.8
3.0,2.607594936708861,2.9375,3.388888888888889,2.4152542372881354,2.606060606060606,2.1333333333333333,1.7964912280701755,2.1274900398406373,3.2613240418118465,1.625,3.3684210526315788,2.0434782608695654,3.1122994652406417,2.791304347826087,2.6666666666666665,2.3333333333333335,3.020408163265306
4.454545454545454,3.1666666666666665,5.0,4.0,2.75,1.0,,2.25,3.75,3.272727272727273,2.0,,2.3333333333333335,2.7777777777777777,3.0,,1.0,3.4444444444444446
3.6875,4.483870967741935,5.0,2.5,4.3,4.0,4.0,3.8181818181818183,4.363636363636363,4.309523809523809,3.0,1.0,2.4615384615384617,4.475,4.8,4.666666666666667,,2.6785714285714284
,1.0,,,,,,1.0,,4.0,,,,,4.0,,,
3.230769230769231,3.24,4.0,3.066666666666667,4.136363636363637,2.6666666666666665,4.0,2.392156862745098,2.2093023255813953,3.5,1.0,,1.9411764705882353,3.6363636363636362,3.3461538461538463,3.5,1.0,2.4705882352941178
5.0,3.8,1.0,2.75,3.4166666666666665,3.3333333333333335,,,3.1666666666666665,2.6,,,,3.6666666666666665,4.75,1.0,,2.75
4.2,3.8181818181818183,2.0,3.5,3.076923076923077,2.75,2.0,2.090909090909091,1.375,4.142857142857143,2.0,2.0,1.6,3.875,3.5,3.3333333333333335,5.0,1.25
4.192982456140351,4.0,4.083333333333333,3.966666666666667,3.2941176470588234,3.4285714285714284,1.9,2.4339622641509435,2.9642857142857144,3.755813953488372,2.1666666666666665,4.166666666666667,2.3846153846153846,3.4186046511627906,3.8679245283018866,4.3478260869565215,3.0,3.8360655737704916
3.5454545454545454,3.3469387755102042,4.315789473684211,3.7916666666666665,3.057471264367816,3.0,2.75,2.380281690140845,2.630952380952381,3.6464646464646466,2.1818181818181817,3.8,1.90625,3.5,2.918918918918919,3.45,3.2941176470588234,2.849462365591398
1.5,3.6153846153846154,3.0,3.5,3.1578947368421053,2.75,2.0,3.4,2.1333333333333333,4.108108108108108,4.0,,2.3333333333333335,4.142857142857143,4.133333333333334,3.2666666666666666,2.0,2.6
4.666666666666667,4.0,,4.571428571428571,3.588235294117647,3.2857142857142856,,3.2857142857142856,4.0,4.071428571428571,4.0,4.0,3.5,4.466666666666667,4.25,4.0,4.0,4.0
3.5952380952380953,3.1818181818181817,3.3333333333333335,3.9148936170212765,2.7580645161290325,2.6666666666666665,3.0,1.8461538461538463,2.028169014084507,3.1,1.6666666666666667,4.5,1.4285714285714286,2.8823529411764706,3.0952380952380953,3.125,1.0,3.9347826086956523
3.9583333333333335,3.6619718309859155,3.4285714285714284,3.0704225352112675,2.8676470588235294,2.7045454545454546,1.75,2.1325301204819276,3.078341013824885,3.3445945945945947,1.8,4.0,1.962962962962963,3.3492063492063493,3.088888888888889,2.659090909090909,2.75,2.770642201834862
3.0,1.0,2.0,4.0,2.0,2.0,,2.625,2.2,2.6666666666666665,5.0,,1.0,3.5,2.0,4.0,,2.0
4.225806451612903,4.17948717948718,4.083333333333333,3.888888888888889,4.0256410256410255,3.1875,1.5,2.617021276595745,3.4705882352941178,3.5348837209302326,2.75,4.0,2.3333333333333335,3.5135135135135136,3.810810810810811,2.8333333333333335,4.0,4.0
4.0,3.4444444444444446,4.0,4.125,2.9,3.5,,2.4444444444444446,2.375,3.4285714285714284,2.0,,1.75,3.857142857142857,4.25,3.6666666666666665,3.0,3.7
3.1724137931034484,3.0,4.333333333333333,3.547169811320755,2.9622641509433962,2.5714285714285716,,2.0357142857142856,2.409090909090909,3.339622641509434,1.3333333333333333,2.3333333333333335,1.0344827586206897,2.8333333333333335,2.5384615384615383,3.0,1.75,2.6315789473684212
,,,,,3.0,,,,,,,,,,,,
3.36,3.5714285714285716,3.8,3.111111111111111,3.375,2.1,,2.369565217391304,2.0185185185185186,3.2,2.3,2.5,1.894736842105263,3.682926829268293,3.212121212121212,3.736842105263158,1.0,2.606060606060606
3.857142857142857,4.176470588235294,3.0,3.8181818181818183,4.133333333333334,4.5,,3.6666666666666665,3.25,4.0,4.0,4.0,,3.6363636363636362,4.133333333333334,3.0,,4.0
3.3636363636363638,3.0,4.0,3.888888888888889,2.9285714285714284,2.8,3.25,2.235294117647059,2.347826086956522,3.1052631578947367,1.5,4.0,2.2222222222222223,3.230769230769231,3.46875,3.5,4.0,3.0
1.0,2.0,,3.3333333333333335,2.9285714285714284,2.6153846153846154,,2.0681818181818183,1.3846153846153846,3.1538461538461537,2.0,,1.4285714285714286,3.1578947368421053,2.317073170731707,2.95,2.5,2.0
4.454545454545454,3.75,5.0,3.0,4.04,4.0,2.0,2.7058823529411766,2.75,3.5142857142857142,4.0,4.5,2.0,4.0,4.416666666666667,2.25,,3.2
3.1666666666666665,1.0,1.0,4.125,2.5714285714285716,2.75,4.0,1.4,2.1666666666666665,3.2857142857142856,1.0,,2.3333333333333335,2.5,2.6666666666666665,3.0,,3.857142857142857
4.0,4.0,,2.8,1.3333333333333333,,,2.0,2.090909090909091,4.285714285714286,,,1.0,3.6666666666666665,,2.4285714285714284,1.0,2.4285714285714284
3.375,2.6,,4.0,2.4,2.4,,1.5,1.375,2.6,2.0,,1.6,2.2142857142857144,2.875,1.0,,4.0
3.1,2.8461538461538463,2.0,4.0,3.0,2.5,,2.7142857142857144,2.0,3.357142857142857,2.0,,1.0,2.933333333333333,3.0,4.0,1.0,2.8
3.3,3.3846153846153846,4.333333333333333,2.5454545454545454,3.1818181818181817,3.142857142857143,,2.52,2.4,3.909090909090909,2.0,,1.6666666666666667,3.9,3.25,3.25,,3.2142857142857144
,2.0,,4.5,4.5,4.0,,2.3333333333333335,,3.6666666666666665,,,2.0,,4.0,,4.0,4.0
3.7142857142857144,4.090909090909091,,2.8,3.1176470588235294,3.8181818181818183,5.0,2.3333333333333335,2.85,3.857142857142857,2.5,4.0,1.25,3.4545454545454546,3.125,4.3,1.5,2.64
3.6666666666666665,3.4814814814814814,4.0,3.064516129032258,3.380952380952381,2.8461538461538463,4.0,1.9493670886075949,3.054054054054054,3.125,1.3333333333333333,4.0,1.8461538461538463,2.9285714285714284,2.6206896551724137,2.9130434782608696,3.0,2.74468085106383
3.7777777777777777,2.909090909090909,4.5,2.3076923076923075,2.1666666666666665,2.2,,1.7586206896551724,3.380952380952381,3.4615384615384617,,,1.6428571428571428,2.857142857142857,1.25,2.0,,2.5
3.0588235294117645,3.2,4.5,4.090909090909091,3.225806451612903,3.0,,1.935483870967742,1.935483870967742,3.2790697674418605,2.0,3.3333333333333335,1.4166666666666667,3.0,3.0,3.1333333333333333,4.0,3.1666666666666665
,,,1.0,5.0,3.0,,3.0,,,,,3.0,4.0,5.0,4.666666666666667,,2.0
3.68,3.607142857142857,4.0,2.48,2.6666666666666665,2.25,,1.4473684210526316,1.9428571428571428,3.21875,1.75,,1.5,3.5,2.25,2.9411764705882355,,2.1904761904761907
2.8285714285714287,3.511904761904762,3.0,2.9320388349514563,1.9759036144578312,2.6,1.25,1.8541666666666667,2.0773480662983426,3.4644549763033177,2.0,3.0,1.3421052631578947,3.7423312883435584,2.975,2.7580645161290325,2.5714285714285716,2.8
3.630434782608696,3.3824884792626726,3.3783783783783785,3.7787610619469025,3.359872611464968,2.640449438202247,3.6666666666666665,2.2521008403361344,1.9644268774703557,3.822674418604651,2.2285714285714286,3.5294117647058822,1.7219251336898396,3.451219512195122,3.5035971223021583,3.747826086956522,2.712121212121212,2.4272727272727272
3.870967741935484,3.3125,5.0,4.045454545454546,2.6923076923076925,2.8260869565217392,3.5,1.7450980392156863,2.69811320754717,3.690909090909091,1.3333333333333333,3.3333333333333335,2.1176470588235294,3.2962962962962963,3.272727272727273,2.870967741935484,2.5,3.8
2.5,3.3333333333333335,,4.0,2.625,4.0,4.0,1.75,3.0,3.5,1.0,,2.0,3.0,3.0,4.333333333333333,,4.666666666666667
4.0,3.297872340425532,3.923076923076923,3.4324324324324325,2.5652173913043477,2.72,1.6,2.051948051948052,2.7,3.80672268907563,2.1666666666666665,3.5,1.875,3.0588235294117645,2.7346938775510203,3.142857142857143,3.45,3.5
4.041666666666667,3.7,3.4,4.5,3.3125,2.357142857142857,1.0,2.611111111111111,2.6875,3.8780487804878048,3.0,1.0,1.5,3.3076923076923075,2.7142857142857144,3.2857142857142856,4.166666666666667,3.0
3.090909090909091,3.2,,2.7,2.3125,2.8,1.0,2.142857142857143,1.9047619047619047,3.3181818181818183,2.8,4.0,1.0,2.9,3.0833333333333335,2.6666666666666665,4.0,3.235294117647059
3.2110091743119265,3.3629032258064515,2.6,3.3185840707964602,2.4482758620689653,2.9423076923076925,1.5,1.9580152671755726,2.601328903654485,3.2661290322580645,1.8529411764705883,4.333333333333333,1.4140625,3.3013698630136985,3.1149425287356323,2.730337078651685,2.6,2.5028901734104045
3.25,3.857142857142857,,2.3076923076923075,3.5,1.8333333333333333,,1.894736842105263,1.3846153846153846,3.4285714285714284,,,2.3333333333333335,3.0526315789473686,3.0,4.5,5.0,2.2666666666666666
4.0,4.0,,4.0,3.0,,,3.0,3.0,1.5,,,,,4.0,2.0,,3.5
,4.666666666666667,,5.0,3.0,4.0,,3.0,2.75,3.2,2.0,,2.0,3.4285714285714284,4.666666666666667,5.0,2.0,4.0
3.7777777777777777,3.6551724137931036,4.0,4.4,1.95,2.8,2.5,1.7391304347826086,2.1785714285714284,3.1515151515151514,2.0,,3.3333333333333335,3.7777777777777777,2.75,1.0,4.0,4.16
3.0,2.3529411764705883,3.0,3.5,2.9166666666666665,2.4444444444444446,2.5,1.9428571428571428,2.5,3.625,4.0,4.0,1.75,2.5384615384615383,2.0,3.0,2.0,3.2
3.367088607594937,3.504950495049505,3.828125,3.9076923076923076,3.264623955431755,2.6333333333333333,4.0,2.253731343283582,1.8496503496503496,3.632,2.0555555555555554,3.6666666666666665,1.5941176470588236,3.199074074074074,3.5285714285714285,3.795918367346939,2.7966101694915255,2.407158836689038
,5.0,,4.0,5.0,,,4.5,1.25,2.75,4.0,,,3.8,3.4,,,
4.0,4.5,,,3.0,2.0,,,,4.5,1.0,,1.0,3.0,2.6666666666666665,4.5,,4.5
4.0,,,5.0,,2.0,,,2.5,,,,2.0,,,,3.5,
3.090909090909091,3.0,3.3333333333333335,3.888888888888889,2.857142857142857,2.2,2.5,2.619047619047619,2.142857142857143,3.1785714285714284,1.5,,3.0,3.25,3.0,2.0,2.0,4.0
2.75,3.1,3.2,3.5,1.8,2.6666666666666665,,2.357142857142857,2.4782608695652173,3.5294117647058822,2.2,3.3333333333333335,1.4,3.923076923076923,3.3333333333333335,2.25,,2.875
4.0,3.5714285714285716,,3.5555555555555554,2.909090909090909,3.3333333333333335,1.0,2.466666666666667,2.5384615384615383,3.0,1.5,,1.75,3.727272727272727,3.4,2.625,2.0,2.7058823529411766
4.266666666666667,3.962962962962963,3.5,4.25,3.1,1.75,,2.7,2.4545454545454546,3.6470588235294117,4.0,1.0,2.0,3.4,3.2857142857142856,2.3333333333333335,4.0,3.75
2.0,3.4,,3.5,3.5,3.5,,2.4285714285714284,2.6666666666666665,3.6666666666666665,2.3333333333333335,4.166666666666667,1.0,3.5714285714285716,4.428571428571429,,4.0,4.0
4.295774647887324,3.721518987341772,4.142857142857143,3.823529411764706,3.739130434782609,2.5789473684210527,,3.088235294117647,3.8043478260869565,3.67032967032967,2.8,3.2857142857142856,1.8571428571428572,3.142857142857143,3.8823529411764706,,4.6,2.6507936507936507
2.75,3.7916666666666665,5.0,4.0,3.738095238095238,3.6470588235294117,4.0,3.3333333333333335,1.7777777777777777,3.911764705882353,4.0,4.0,3.0,4.138888888888889,4.186046511627907,4.181818181818182,,4.333333333333333
2.5,2.0,5.0,4.0,2.857142857142857,3.2,4.0,1.0,1.125,3.4444444444444446,1.0,,,1.0,4.5,3.5,4.428571428571429,2.0
3.0,3.0,,2.6,3.0,3.0,,2.4583333333333335,1.8571428571428572,3.764705882352941,3.0,,1.4,4.157894736842105,4.166666666666667,3.5454545454545454,,2.642857142857143
3.066666666666667,3.8,4.5,3.3333333333333335,3.4565217391304346,2.6875,,2.475,2.230769230769231,3.4237288135593222,4.0,5.0,1.411764705882353,4.217391304347826,3.9285714285714284,4.108695652173913,,2.0
4.0,3.4210526315789473,4.0,,2.4761904761904763,2.4545454545454546,1.0,2.0,3.5238095238095237,3.5652173913043477,2.4444444444444446,4.0,1.5833333333333333,2.8947368421052633,2.7857142857142856,2.5,3.0,2.423076923076923
2.875,3.5,2.5,3.6,2.5454545454545454,2.0,2.0,1.8666666666666667,2.782608695652174,3.0625,1.0,,1.5714285714285714,4.0,2.3333333333333335,3.272727272727273,4.0,3.2
3.5555555555555554,4.5,,2.5,3.0,3.0,,2.272727272727273,3.4285714285714284,3.2857142857142856,,,2.0,3.3333333333333335,2.5,3.6666666666666665,4.0,2.857142857142857
4.5,4.666666666666667,,5.0,4.222222222222222,4.0,,5.0,1.0,4.666666666666667,,,,4.444444444444445,4.666666666666667,5.0,,4.2
5.0,2.5,,2.6,1.6666666666666667,2.0,,2.0,3.3333333333333335,1.0,1.5,,,3.25,,4.0,,3.6666666666666665
3.911111111111111,3.8137931034482757,3.8666666666666667,3.767857142857143,3.189189189189189,2.6551724137931036,2.4444444444444446,2.2125,2.910891089108911,3.730496453900709,2.066666666666667,4.666666666666667,1.6875,3.5166666666666666,3.5283018867924527,3.533333333333333,2.125,3.8125
4.173913043478261,3.376146788990826,3.4,2.8,3.0985915492957745,2.7058823529411766,2.4,2.35,3.438202247191011,3.874125874125874,2.0,1.0,1.9142857142857144,3.392156862745098,3.1538461538461537,3.923076923076923,3.4285714285714284,2.124031007751938
4.246753246753247,4.0588235294117645,3.5,3.8823529411764706,3.3207547169811322,2.4,1.0,1.8666666666666667,3.694915254237288,3.913978494623656,2.0,4.0,1.6428571428571428,3.289473684210526,3.411764705882353,3.5384615384615383,1.8333333333333333,3.2452830188679247
2.5,1.0,,1.0,1.6,1.0,,1.4285714285714286,2.125,1.6,1.0,,1.0,3.0,,1.0,1.0,2.5
3.0,3.6666666666666665,2.0,3.8333333333333335,3.5,4.0,,2.5714285714285716,2.176470588235294,3.857142857142857,2.6666666666666665,5.0,1.25,3.4615384615384617,3.272727272727273,4.333333333333333,4.0,2.85
3.3529411764705883,3.6338028169014085,3.5555555555555554,4.035714285714286,3.2987012987012987,3.1052631578947367,,2.3877551020408165,2.358490566037736,3.632183908045977,2.6666666666666665,4.0,2.0,3.5833333333333335,3.803921568627451,3.5833333333333335,2.5,3.081967213114754
1.75,3.611111111111111,4.0,2.2162162162162162,2.9473684210526314,2.3333333333333335,4.0,2.217391304347826,2.4285714285714284,3.0625,4.0,,1.4,3.7037037037037037,3.4,3.6666666666666665,,2.3157894736842106
4.333333333333333,3.6875,,4.0,2.85,3.0,2.0,1.8235294117647058,1.625,3.5,4.0,,1.5,3.1538461538461537,3.8333333333333335,2.6,2.5,3.4285714285714284
3.4444444444444446,3.5555555555555554,2.0,2.75,2.75,2.0,5.0,2.5,2.3333333333333335,3.4,1.0,,1.6666666666666667,4.083333333333333,3.4,3.125,2.3333333333333335,3.25
3.6,4.0,,,4.833333333333333,3.0,,,3.0,4.75,,,2.0,4.714285714285714,5.0,,,2.4
3.2058823529411766,3.6315789473684212,3.75,2.9767441860465116,3.0,2.27027027027027,4.0,2.1082802547770703,2.473684210526316,3.269230769230769,2.5714285714285716,,1.5849056603773586,3.404494382022472,2.789473684210526,2.3846153846153846,3.0,2.6419753086419755
1.8571428571428572,3.6,,1.8888888888888888,3.9444444444444446,3.8,,2.2222222222222223,2.057142857142857,3.4705882352941178,2.6666666666666665,,1.6363636363636365,3.611111111111111,3.2142857142857144,3.466666666666667,,2.4347826086956523
4.0,,,4.2,2.0,4.0,,2.75,1.5,3.0,,,,3.3333333333333335,2.0,,,4.0
3.076923076923077,2.8,3.0,2.25,3.4615384615384617,,4.0,1.625,2.4,3.230769230769231,,,1.25,2.5,1.875,1.5,,2.764705882352941
2.75,3.7222222222222223,2.6666666666666665,3.3333333333333335,2.35,3.2142857142857144,,2.5555555555555554,1.7222222222222223,3.5384615384615383,3.0,,2.5,3.375,3.0,2.0,,3.0625
4.0,2.5,,4.2,1.8333333333333333,,4.0,2.1666666666666665,1.25,2.3333333333333335,,4.0,1.0,2.6666666666666665,3.3333333333333335,2.5,,4.0
3.9451219512195124,3.5678391959798996,2.869565217391304,3.7111111111111112,2.8911290322580645,2.9545454545454546,2.3076923076923075,1.8969072164948453,2.353448275862069,3.5,1.8928571428571428,3.9583333333333335,1.7307692307692308,3.4444444444444446,3.4574468085106385,3.4558823529411766,3.5161290322580645,3.2890995260663507
3.5625,3.142857142857143,,4.071428571428571,3.0,2.8,4.0,3.1818181818181817,1.8571428571428572,3.857142857142857,,,5.0,3.9,3.923076923076923,3.3333333333333335,1.0,4.111111111111111
3.25,1.75,,,4.0,1.5,4.0,2.0,3.6,4.0,,,2.6666666666666665,3.1666666666666665,2.857142857142857,2.0,,3.0
3.9384615384615387,3.144578313253012,2.6666666666666665,2.4594594594594597,3.0617283950617282,2.772727272727273,4.0,1.9684210526315788,3.0,3.284090909090909,2.4,,1.5806451612903225,3.020408163265306,3.15625,3.5294117647058822,3.75,2.191780821917808
3.875,3.2941176470588234,2.0,2.888888888888889,2.263157894736842,2.142857142857143,,2.1666666666666665,2.2777777777777777,2.764705882352941,,,1.1666666666666667,3.0,2.1666666666666665,2.4285714285714284,3.8333333333333335,2.3333333333333335
3.966666666666667,3.5142857142857142,2.0,3.5217391304347827,3.372549019607843,3.142857142857143,,2.5142857142857142,3.484848484848485,3.7083333333333335,2.4285714285714284,5.0,1.2727272727272727,3.3461538461538463,3.4545454545454546,3.526315789473684,3.5,3.28125
3.5285714285714285,3.834008097165992,3.7142857142857144,2.7884615384615383,4.095406360424028,3.2142857142857144,1.0,3.3175675675675675,2.28099173553719,3.808383233532934,3.3846153846153846,3.272727272727273,1.8976377952755905,4.035294117647059,4.030612244897959,4.260416666666667,3.5,2.3291666666666666
3.3333333333333335,2.5,,3.6,3.6,2.75,,1.4,3.3333333333333335,3.7142857142857144,,5.0,1.0,3.8,3.8333333333333335,3.5,2.0,3.3333333333333335
,,,,2.0,,,,,,,,,,,,,
3.5,2.8518518518518516,1.75,3.9242424242424243,2.675,2.611111111111111,3.7142857142857144,2.0384615384615383,2.445945945945946,3.269230769230769,1.2857142857142858,4.2,2.5714285714285716,3.25,3.75,2.4864864864864864,2.0,3.8684210526315788
3.8727272727272726,4.0,4.5,3.129032258064516,3.5833333333333335,2.25,,2.267857142857143,1.7976190476190477,3.4545454545454546,1.0,,1.5666666666666667,4.08,3.6666666666666665,3.625,3.6923076923076925,2.235294117647059
4.142857142857143,3.875,4.666666666666667,2.5,3.4,4.5,,2.5625,3.7142857142857144,3.4545454545454546,4.666666666666667,3.3333333333333335,2.0,3.6842105263157894,3.5625,2.8,,3.25
3.25,1.5,1.0,3.1,2.6,3.5,2.0,1.95,1.8333333333333333,3.066666666666667,1.0,,2.6,3.3125,3.8,3.0,,2.1666666666666665
4.5,2.5,,3.0,2.6666666666666665,,,2.0,3.0,5.0,,,4.0,4.5,4.0,4.0,,3.1
3.9,2.7142857142857144,4.5,4.083333333333333,2.9285714285714284,1.5,5.0,2.3636363636363638,2.3846153846153846,3.48,2.0,4.0,1.3333333333333333,3.45,3.4814814814814814,3.6,1.0,3.3846153846153846
3.0,1.894736842105263,3.0,3.3142857142857145,2.8529411764705883,2.7777777777777777,3.4285714285714284,1.6756756756756757,2.225806451612903,3.342857142857143,1.3333333333333333,3.0,2.0,3.3333333333333335,2.8461538461538463,3.1818181818181817,3.5,3.0
3.6666666666666665,4.166666666666667,4.0,2.3333333333333335,4.333333333333333,2.0,,1.1666666666666667,2.0,3.2,1.0,,1.3333333333333333,2.6666666666666665,1.0,5.0,,2.6666666666666665
3.6202531645569622,3.3870967741935485,3.6315789473684212,3.855769230769231,3.0436893203883497,2.904255319148936,1.2857142857142858,1.9393939393939394,2.052287581699346,3.5775862068965516,1.903225806451613,3.8823529411764706,1.793103448275862,3.2282608695652173,3.303030303030303,3.540983606557377,2.2666666666666666,3.296875
4.0285714285714285,4.090909090909091,4.0,3.45,3.4242424242424243,3.0,,2.55,2.739130434782609,3.7586206896551726,3.8,2.5,1.5,3.3333333333333335,2.625,2.6,3.25,3.0833333333333335
2.857142857142857,3.0625,2.5,3.25,2.526315789473684,2.3333333333333335,1.0,1.9473684210526316,2.638888888888889,3.588235294117647,2.3333333333333335,3.0,1.3333333333333333,3.8421052631578947,2.2222222222222223,3.2666666666666666,1.5,2.8636363636363638
3.8461538461538463,4.2368421052631575,3.2,3.8333333333333335,3.3,2.6666666666666665,2.0,3.423076923076923,1.8,4.107142857142857,2.857142857142857,4.0,4.0,3.8461538461538463,4.25,3.6,2.5,3.5454545454545454
2.975,3.5233644859813085,3.466666666666667,4.040816326530612,3.1702127659574466,2.6470588235294117,,2.4,2.8271604938271606,3.8,2.7777777777777777,4.0,1.7555555555555555,3.507042253521127,3.6435643564356437,3.1875,2.6363636363636362,3.287878787878788
4.0,3.0,,,2.4285714285714284,2.6666666666666665,,2.3333333333333335,3.7142857142857144,3.3333333333333335,1.0,,1.0,3.6666666666666665,,,,3.3333333333333335
,2.6666666666666665,,3.3333333333333335,3.8,,,3.4285714285714284,1.6666666666666667,4.5,,,2.6666666666666665,4.333333333333333,3.6666666666666665,4.25,,2.0
3.142857142857143,2.9375,,4.166666666666667,2.9047619047619047,2.2222222222222223,2.0,1.8,2.3181818181818183,3.025,1.0,1.75,1.9,3.6551724137931036,2.823529411764706,2.4210526315789473,4.0,2.806451612903226
3.3333333333333335,2.6666666666666665,,3.0,2.6,3.5,2.3333333333333335,1.4444444444444444,1.6,3.5714285714285716,,4.0,1.3333333333333333,3.5,2.0,,,3.5
3.3,2.9,2.5,3.75,2.230769230769231,2.3333333333333335,4.0,1.9,1.5909090909090908,3.125,3.3333333333333335,,1.0,3.4545454545454546,2.6,2.5714285714285716,4.0,2.923076923076923
4.185185185185185,3.563380281690141,4.05,3.2857142857142856,3.2266666666666666,2.6842105263157894,3.5,2.4615384615384617,3.0254777070063694,3.792207792207792,2.0,3.0,1.8026315789473684,3.329113924050633,3.3076923076923075,3.6666666666666665,3.6610169491525424,2.4942528735632186
3.5955882352941178,3.545112781954887,3.65,3.089635854341737,2.8175675675675675,2.8059701492537314,2.8947368421052633,2.0784982935153584,3.2480974124809743,3.3578528827037775,2.259259259259259,3.8333333333333335,1.75,3.3277591973244145,2.9375,3.23125,2.357142857142857,2.856060606060606
4.0,3.3333333333333335,3.7142857142857144,4.0,2.7674418604651163,2.857142857142857,4.0,2.1666666666666665,2.41025641025641,3.2285714285714286,2.6666666666666665,4.5,1.4285714285714286,3.4761904761904763,3.9411764705882355,2.9,2.0,3.176470588235294
3.0,3.0,1.0,4.0,3.0,1.5,,1.5,1.7,3.4545454545454546,1.0,4.0,1.6666666666666667,2.2222222222222223,2.6666666666666665,2.0,,2.6
2.0,3.0714285714285716,,3.625,2.357142857142857,1.6666666666666667,,1.8888888888888888,1.8571428571428572,3.64,2.0,,1.75,3.0,1.0,2.8333333333333335,4.0,2.8333333333333335
4.176470588235294,2.8125,3.5,3.4074074074074074,3.2429378531073447,2.982142857142857,3.4,1.9627659574468086,3.7704918032786887,3.476510067114094,1.8,2.625,2.1052631578947367,3.255813953488372,2.8666666666666667,3.3333333333333335,1.75,3.2777777777777777
3.9,3.0,,4.333333333333333,2.4166666666666665,2.5,,2.0,1.8181818181818181,4.095238095238095,2.3333333333333335,1.0,1.0,3.111111111111111,2.875,2.0,,4.0
4.043715846994536,3.6375,3.6153846153846154,3.0617283950617282,2.533333333333333,2.537313432835821,3.0,2.2746113989637307,3.079847908745247,3.595505617977528,2.608695652173913,2.8333333333333335,1.7017543859649122,3.6929133858267718,3.485294117647059,3.4727272727272727,3.0,2.699421965317919
3.6666666666666665,3.2,,2.0,4.2,4.0,,1.9333333333333333,1.9230769230769231,3.875,,,1.5,4.25,1.8,2.0,1.0,1.875
,1.0,,,1.0,,,1.0,1.0,3.0,1.0,,,1.0,2.0,,,2.0
3.462686567164179,3.2857142857142856,3.52,3.978021978021978,3.0269058295964126,2.566666666666667,4.0,2.1171875,2.1555555555555554,3.8025477707006368,2.3095238095238093,3.8,1.5931034482758621,3.258503401360544,3.466666666666667,3.7083333333333335,2.7560975609756095,2.4421965317919074
4.142857142857143,3.4444444444444446,,4.0,2.75,2.0,4.0,2.25,2.7,4.0,,5.0,,3.0,2.7777777777777777,2.5,,3.857142857142857
3.8095238095238093,3.4,4.333333333333333,3.6153846153846154,3.3392857142857144,2.7857142857142856,1.0,1.975,2.5483870967741935,3.4313725490196076,3.25,2.0,1.1666666666666667,3.5,3.206896551724138,3.35,1.3333333333333333,3.3448275862068964
3.6666666666666665,3.619718309859155,3.5,3.764705882352941,2.6779661016949152,2.7142857142857144,2.75,2.282051282051282,2.617021276595745,3.5084745762711864,1.8181818181818181,3.0,2.2,3.5,3.44,3.7,2.3333333333333335,3.0833333333333335
3.5384615384615383,4.111111111111111,,3.0,4.571428571428571,4.0,,4.0,3.111111111111111,3.875,4.5,1.0,2.0,4.366666666666666,4.285714285714286,4.545454545454546,,3.0
3.1666666666666665,2.7777777777777777,1.4,1.6666666666666667,2.8421052631578947,2.5,,2.4375,2.4,3.0714285714285716,2.5,1.0,2.8,2.9375,3.5833333333333335,4.2,,2.5
3.5,2.2916666666666665,5.0,4.266666666666667,2.3823529411764706,3.0,1.5,2.0,2.2333333333333334,3.409090909090909,1.8,4.5,1.4,3.0555555555555554,3.0,1.7142857142857142,2.5,3.1785714285714284
2.8,2.6666666666666665,1.0,1.6666666666666667,3.066666666666667,2.8333333333333335,1.0,1.5526315789473684,1.9473684210526316,2.6666666666666665,2.0,,1.6875,3.0,2.142857142857143,2.3846153846153846,3.0,1.9583333333333333
4.0,3.6,2.5,3.8125,3.238095238095238,3.5,4.0,2.8461538461538463,2.4166666666666665,3.638888888888889,3.3333333333333335,4.5,2.5,3.125,3.4210526315789473,4.5,3.0,3.5714285714285716
3.96875,3.4864864864864864,5.0,3.0714285714285716,3.0,2.3333333333333335,3.0,2.024390243902439,2.5588235294117645,3.2083333333333335,2.6,4.0,1.4,2.7916666666666665,3.2,2.857142857142857,1.0,3.0
,3.4375,,4.0,3.3333333333333335,,2.0,3.625,3.8333333333333335,4.166666666666667,4.0,2.0,,4.428571428571429,3.6,4.0,,3.3333333333333335
4.333333333333333,4.0,,,3.3333333333333335,3.0,,1.0,5.0,4.333333333333333,,,2.0,2.0,3.5,4.5,,2.25
3.65,3.7586206896551726,4.0,3.8333333333333335,4.133333333333334,3.25,1.0,3.586206896551724,2.730769230769231,4.157894736842105,2.6666666666666665,1.0,1.3333333333333333,4.225806451612903,4.055555555555555,4.045454545454546,1.0,2.857142857142857
3.9,3.5,4.0,3.909090909090909,2.625,2.0,4.0,2.1666666666666665,2.357142857142857,3.7,,,2.1666666666666665,3.0,3.3333333333333335,4.0,1.0,3.466666666666667
4.105263157894737,3.9393939393939394,3.4,3.466666666666667,2.4838709677419355,2.9,3.3333333333333335,2.3548387096774195,2.710526315789474,3.5945945945945947,2.7777777777777777,3.5,1.0,3.5,3.25,3.4,4.0,3.6333333333333333
4.0,1.0,,4.0,,,,2.0,,,,,1.0,,,,,1.0
3.891891891891892,2.6875,,2.2987012987012987,3.475,2.2045454545454546,3.7142857142857144,1.6984126984126984,3.6412213740458017,3.1176470588235294,2.9,,1.568421052631579,3.639344262295082,2.2,2.652173913043478,1.7142857142857142,2.308457711442786
1.0,2.388888888888889,1.0,4.0,2.5555555555555554,2.0,1.0,1.8846153846153846,1.263157894736842,3.45,,1.0,1.6,2.7777777777777777,2.090909090909091,2.4285714285714284,2.2,2.0
4.230769230769231,3.7777777777777777,4.0,3.6666666666666665,2.9473684210526314,3.6666666666666665,,3.0,3.5,3.5384615384615383,,4.0,,3.0,4.0,3.0,4.0,3.5
3.978021978021978,3.5142857142857142,3.8275862068965516,3.832167832167832,2.843137254901961,2.8795180722891565,1.9,2.1390374331550803,2.9074074074074074,3.353191489361702,1.96875,3.5,1.803921568627451,3.382716049382716,3.3737373737373737,3.6911764705882355,3.125,3.6340425531914895
4.214285714285714,2.625,4.0,2.1578947368421053,4.0,2.142857142857143,4.0,2.272727272727273,3.9545454545454546,3.5,3.5,,2.0,3.6666666666666665,4.333333333333333,3.6666666666666665,4.2727272727272725,3.0
2.5,3.7857142857142856,,4.0,2.4166666666666665,1.6,,2.5555555555555554,2.625,4.125,,,2.6666666666666665,3.1666666666666665,3.5714285714285716,4.5,,3.2857142857142856
3.5,3.6666666666666665,,2.5,1.8,2.0,1.0,2.3333333333333335,1.7,3.909090909090909,4.0,4.0,1.5,3.8333333333333335,2.75,2.3333333333333335,,2.2222222222222223
5.0,4.0,,2.3333333333333335,4.0,,3.0,1.8333333333333333,2.5,2.5,,,1.25,3.5714285714285716,4.0,2.75,,1.75
4.0,4.0,3.0,3.888888888888889,2.5454545454545454,2.0,,1.9411764705882353,3.1333333333333333,3.473684210526316,4.0,5.0,1.5,3.1666666666666665,3.5,3.0,,3.6
3.2,3.9166666666666665,4.5,3.235294117647059,3.764705882352941,2.3333333333333335,4.0,2.4285714285714284,2.8461538461538463,3.3,3.0,,1.0,3.25,3.9,3.2666666666666666,,3.206896551724138
3.7426470588235294,3.49009900990099,3.142857142857143,2.9395348837209303,2.7630331753554502,2.683673469387755,1.6,2.158256880733945,3.1773049645390072,3.530944625407166,2.2222222222222223,3.4,1.6736842105263159,3.58128078817734,3.284090909090909,3.1875,2.230769230769231,2.7809278350515463
3.607142857142857,3.6774193548387095,4.0,2.9583333333333335,3.675675675675676,2.3333333333333335,,2.03125,2.0508474576271185,3.5833333333333335,2.3333333333333335,,1.3333333333333333,4.0,1.6666666666666667,3.6875,4.0,2.25531914893617
4.125,3.5,3.8333333333333335,4.0,3.1538461538461537,3.3333333333333335,,3.4444444444444446,3.6666666666666665,3.7058823529411766,2.0,5.0,2.0,3.3,3.3636363636363638,3.75,4.0,3.8461538461538463
3.5220588235294117,3.2246696035242293,3.3333333333333335,3.3025,3.4382978723404256,2.8095238095238093,4.0,1.8944337811900192,2.424193548387097,3.3349397590361445,2.75,2.0,1.4874213836477987,3.7559808612440193,3.024390243902439,3.3379310344827586,1.2857142857142858,2.898326898326898
4.2727272727272725,4.0,3.0,4.0,4.1,2.125,,2.5384615384615383,3.076923076923077,4.051724137931035,3.75,,1.6333333333333333,3.8,4.363636363636363,4.230769230769231,2.7777777777777777,2.0925925925925926
4.0,1.2857142857142858,1.5,3.4285714285714284,3.7777777777777777,1.0,4.0,1.6842105263157894,2.142857142857143,3.0588235294117645,,,1.6666666666666667,2.2857142857142856,4.0,3.0,2.0,2.5
4.0,3.7142857142857144,3.0,3.9375,2.6,2.625,2.0,2.0869565217391304,1.9523809523809523,3.5833333333333335,1.6,4.0,1.1666666666666667,3.142857142857143,3.375,2.7777777777777777,4.666666666666667,2.9545454545454546
4.222222222222222,4.166666666666667,3.6666666666666665,4.0,3.111111111111111,3.3333333333333335,,2.2857142857142856,2.0,3.375,1.5,,2.0,3.8,4.142857142857143,5.0,4.0,4.666666666666667
3.55,3.7681159420289854,4.285714285714286,2.433333333333333,3.572519083969466,2.78,1.0,2.71875,2.3125,3.559055118110236,2.375,,1.5,3.6666666666666665,3.423076923076923,3.896551724137931,1.5,2.4583333333333335
3.909090909090909,4.0,4.25,4.333333333333333,3.8666666666666667,4.0,,2.3333333333333335,1.0,4.25,,,2.0,4.266666666666667,3.909090909090909,4.2,4.0,3.8
3.9655172413793105,3.8295454545454546,4.375,3.909090909090909,3.5277777777777777,2.8461538461538463,1.4,2.238095238095238,3.276595744680851,3.5517241379310347,2.111111111111111,3.0,1.8095238095238095,3.404255319148936,3.5,3.6875,3.4444444444444446,3.1052631578947367
3.5,3.25,4.0,3.85,2.9655172413793105,3.375,4.0,2.0,2.051282051282051,3.730769230769231,2.5,4.0,1.6363636363636365,3.411764705882353,2.5454545454545454,3.1,1.0,3.6666666666666665
2.75,4.2,5.0,4.0,2.92,2.8333333333333335,,1.8,2.0833333333333335,3.8,2.0,,1.5,2.933333333333333,2.4285714285714284,3.5,,2.875
2.473684210526316,2.5,3.3333333333333335,2.806451612903226,2.75,2.6875,1.75,1.957142857142857,2.2222222222222223,3.3214285714285716,1.875,3.0,1.25,3.413793103448276,2.1724137931034484,2.3125,1.0,2.38
3.7586206896551726,3.730337078651685,3.0,2.8,3.0377358490566038,3.15,1.0,2.5,2.6714285714285713,3.93,1.6666666666666667,2.3333333333333335,1.6551724137931034,3.3846153846153846,3.2666666666666666,4.0,2.875,2.4225352112676055
3.8421052631578947,3.127659574468085,4.0,3.151315789473684,2.7468354430379747,2.5918367346938775,2.7142857142857144,1.8954703832752613,3.384892086330935,3.3632075471698113,1.5555555555555556,,1.5675675675675675,3.704761904761905,2.639344262295082,2.388888888888889,2.0,2.603448275862069
2.5,3.357142857142857,,2.6666666666666665,2.933333333333333,1.7142857142857142,4.0,2.0714285714285716,1.5862068965517242,3.533333333333333,4.0,,1.25,2.5,2.0,2.125,1.0,1.8571428571428572
2.3333333333333335,3.6666666666666665,,4.0,4.2,3.0,,1.6,2.7777777777777777,3.375,4.5,,,3.5,,3.25,5.0,4.0
3.711864406779661,3.212290502793296,3.6923076923076925,3.2403846153846154,2.9475524475524475,2.6962025316455698,4.036363636363636,1.9689119170984455,2.192941176470588,3.7491525423728813,2.9375,2.8,1.5698529411764706,4.01937984496124,3.036082474226804,3.1538461538461537,2.6,2.792147806004619
3.6666666666666665,3.3,5.0,3.5555555555555554,3.392857142857143,1.0,4.0,2.388888888888889,2.6842105263157894,3.8,,1.0,1.4666666666666666,3.5555555555555554,2.9,3.625,,3.0
2.875,2.6666666666666665,,3.4482758620689653,2.111111111111111,2.3333333333333335,,2.1,2.9565217391304346,3.142857142857143,,2.5,1.25,4.0,2.2857142857142856,1.8,,3.6470588235294117
4.225,3.75,1.5,3.2452830188679247,3.3773584905660377,2.6666666666666665,4.0,2.3012048192771086,3.056179775280899,3.8970588235294117,1.875,,1.5555555555555556,3.8392857142857144,3.6666666666666665,3.230769230769231,1.0,2.737704918032787
3.4,4.0,,3.6666666666666665,2.888888888888889,4.0,,2.0,3.3333333333333335,3.25,,4.0,2.0,3.5,3.6666666666666665,4.0,,3.2857142857142856
,,,2.0,,,,,,,,,,,,,,
,2.5,,,4.0,4.0,,,,4.0,4.0,,,,,3.5,,
3.9036144578313254,3.5730337078651684,4.125,3.977272727272727,2.8360655737704916,2.236842105263158,2.4285714285714284,2.0357142857142856,2.3043478260869565,3.402061855670103,2.388888888888889,3.8333333333333335,1.9375,3.6346153846153846,3.3684210526315788,2.962962962962963,3.0,3.796875
3.9393939393939394,3.125,2.8461538461538463,3.4705882352941178,3.4,3.2083333333333335,4.0,2.0,3.303370786516854,3.173076923076923,2.0,3.5,2.0833333333333335,3.073170731707317,3.3870967741935485,3.5454545454545454,3.125,3.5604395604395602
3.2758620689655173,3.7254901960784315,2.0,2.7037037037037037,2.739130434782609,2.4782608695652173,,2.268292682926829,2.0,3.6842105263157894,3.0,,1.4090909090909092,3.56140350877193,3.45,2.2222222222222223,1.0,2.4
4.5,2.5,,3.5,,2.6666666666666665,4.0,2.5,1.6,,,,,3.0,4.0,4.0,,3.0
4.222222222222222,4.0,,3.8,3.8,3.0,3.0,1.0,2.8333333333333335,4.5,4.0,,,4.25,4.333333333333333,4.0,,4.0
4.176470588235294,4.430379746835443,1.0,5.0,4.760869565217392,4.375,5.0,3.6551724137931036,4.319148936170213,3.892857142857143,3.4285714285714284,,2.1333333333333333,4.555555555555555,4.583333333333333,4.222222222222222,3.3333333333333335,4.333333333333333
4.0,3.0,4.0,2.25,4.333333333333333,2.0,,2.0,1.4444444444444444,3.1666666666666665,,,2.0,3.25,,3.0,,2.2
3.9473684210526314,3.392857142857143,1.0,3.25,2.40625,2.1538461538461537,2.0,1.7435897435897436,1.8979591836734695,3.1,2.75,4.0,1.2857142857142858,3.5555555555555554,2.7222222222222223,3.0454545454545454,2.0,2.962962962962963
5.0,3.0,2.5,3.0,3.3333333333333335,2.3333333333333335,,1.25,2.6666666666666665,4.25,1.0,,,2.857142857142857,2.25,3.0,,2.0
4.142857142857143,3.857142857142857,5.0,4.0,3.5,3.8,1.0,3.0,2.7142857142857144,3.6,3.5,,1.0,4.285714285714286,4.6,4.6,,2.3333333333333335
2.75,3.75,5.0,3.1666666666666665,3.7857142857142856,3.5833333333333335,,2.9375,2.4285714285714284,3.56,2.0,,2.8,3.7142857142857144,4.416666666666667,3.2,1.5,2.5789473684210527
3.25,3.2,4.0,3.6923076923076925,3.2857142857142856,3.0,,3.090909090909091,2.4285714285714284,4.333333333333333,2.0,3.25,2.3333333333333335,3.5,3.142857142857143,3.3333333333333335,1.0,4.166666666666667
3.5,3.8076923076923075,2.0,2.923076923076923,3.4166666666666665,2.6666666666666665,2.0,2.5833333333333335,3.625,3.769230769230769,5.0,2.0,1.6666666666666667,3.3043478260869565,4.0,3.111111111111111,3.0,2.6956521739130435
3.75,3.5238095238095237,2.5,3.857142857142857,3.05,2.5,,2.8333333333333335,2.3333333333333335,3.9285714285714284,2.0,4.0,1.6363636363636365,3.1818181818181817,3.4,,3.875,2.5
4.109756097560975,3.473684210526316,2.0,3.979591836734694,2.604651162790698,2.933333333333333,2.5,2.210526315789474,2.27027027027027,3.507042253521127,1.6363636363636365,4.090909090909091,2.1,3.16,3.4545454545454546,3.7419354838709675,2.769230769230769,3.740740740740741
4.5,3.2857142857142856,2.0,4.166666666666667,3.5714285714285716,3.0,,3.6,4.0,4.2,,,,4.333333333333333,4.0,4.0,,4.25
4.25,3.5,,4.333333333333333,3.0,2.6666666666666665,,2.8,1.25,3.5,,,,5.0,4.5,4.5,2.0,4.4
3.5925925925925926,3.857142857142857,3.5714285714285716,4.121212121212121,2.621212121212121,2.25,2.0,2.5294117647058822,1.7794117647058822,3.8627450980392157,2.375,3.0,1.8275862068965518,3.4054054054054053,3.5245901639344264,3.5384615384615383,3.142857142857143,3.298507462686567
3.7142857142857144,3.259259259259259,3.0,3.6666666666666665,1.9230769230769231,1.75,1.0,1.5925925925925926,1.962962962962963,3.511627906976744,1.0,4.0,1.4,2.8333333333333335,3.090909090909091,2.0,3.3333333333333335,3.6153846153846154
4.0,3.5384615384615383,2.142857142857143,4.153846153846154,2.7755102040816326,2.923076923076923,3.0,1.896551724137931,2.533333333333333,3.3763440860215055,1.2,4.6,1.9090909090909092,3.0476190476190474,3.3548387096774195,2.4,,3.638888888888889
,,,,4.0,3.0,,,4.0,,,,,,4.0,,2.5,
4.111111111111111,3.75,2.2,4.0,2.0625,1.0,,2.142857142857143,1.5384615384615385,3.769230769230769,,,1.0,3.625,2.125,3.25,,3.0
,,,,,,,,,,,,1.0,5.0,,,,1.0
3.0,3.375,1.0,2.9285714285714284,1.9,2.5,,3.0625,2.55,3.5454545454545454,2.3333333333333335,4.0,1.25,3.6363636363636362,2.7,2.8333333333333335,1.0,2.473684210526316
1.0,3.8,,3.036363636363636,2.9375,2.0,,2.1142857142857143,2.0714285714285716,3.4583333333333335,1.0,,1.3333333333333333,3.888888888888889,2.8,3.2857142857142856,4.0,2.65
3.0,4.0,,2.0,3.0,4.0,,1.8571428571428572,3.142857142857143,3.0,,,2.0,3.375,3.0,4.25,,3.3333333333333335
3.1818181818181817,3.3529411764705883,3.3333333333333335,3.7777777777777777,2.259259259259259,2.3333333333333335,4.0,2.391304347826087,2.731707317073171,3.942857142857143,,,1.5833333333333333,4.166666666666667,3.75,3.375,3.0,3.1724137931034484
4.0,3.6363636363636362,,2.4727272727272727,3.658536585365854,2.0,1.0,2.076923076923077,2.267857142857143,3.1372549019607843,1.25,,2.0,3.283333333333333,2.3333333333333335,3.0476190476190474,,2.246376811594203
1.6323529411764706,3.372413793103448,4.375,3.043103448275862,3.015873015873016,2.8059701492537314,,2.1159090909090907,2.7446236559139785,3.5529010238907848,1.9090909090909092,,1.7596153846153846,3.648,3.085714285714286,2.7916666666666665,3.090909090909091,2.9345238095238093
2.25,2.9,,3.0,3.16,3.1,5.0,1.7173913043478262,1.9534883720930232,3.5675675675675675,2.6666666666666665,,1.4705882352941178,3.813953488372093,3.2,3.0952380952380953,,2.7
4.166666666666667,2.5,,3.857142857142857,2.2222222222222223,2.6,4.0,2.4705882352941178,1.7647058823529411,3.0416666666666665,2.0,4.5,2.3333333333333335,3.6666666666666665,4.285714285714286,3.2,2.0,3.5714285714285716
3.849462365591398,3.4956521739130433,3.1842105263157894,3.9194630872483223,3.4630681818181817,2.802197802197802,3.857142857142857,2.6363636363636362,1.9166666666666667,3.8170103092783507,2.2115384615384617,4.5,1.5204081632653061,3.3664596273291925,3.585185185185185,4.069767441860465,2.738095238095238,2.47568710359408
,4.0,,,,,,,,4.0,,,,,,,,
3.68,3.492063492063492,4.5,2.896551724137931,3.864,3.0,1.0,3.0,2.8767123287671232,3.859154929577465,3.4,2.3333333333333335,1.7272727272727273,3.8292682926829267,3.8555555555555556,4.17,2.4,3.1320754716981134
2.9285714285714284,3.2413793103448274,2.3333333333333335,3.9,3.3076923076923075,3.125,2.0,2.3333333333333335,2.238095238095238,3.793103448275862,1.6,2.0,1.5833333333333333,3.7037037037037037,4.25,3.4166666666666665,3.0,2.742857142857143
4.0,4.2,,4.0,1.3333333333333333,,,5.0,3.3333333333333335,2.8,,,,4.5,,,4.0,5.0
3.6,4.0,2.0,2.75,2.5714285714285716,,,2.625,1.4666666666666666,4.2,,1.0,2.0,3.111111111111111,4.0,3.1666666666666665,4.0,2.8333333333333335
4.142857142857143,4.325,5.0,3.55,4.152777777777778,3.933333333333333,,3.7857142857142856,2.769230769230769,4.282051282051282,3.769230769230769,3.5,2.0588235294117645,4.111111111111111,4.566037735849057,4.622222222222222,3.3333333333333335,3.0784313725490198
2.5714285714285716,3.0,3.0,,3.357142857142857,3.3333333333333335,,2.0833333333333335,3.25,2.8666666666666667,3.0,,1.0,3.3125,3.0,3.5,,1.8333333333333333
4.0,3.0,1.0,,2.75,2.0,,2.3333333333333335,2.2222222222222223,3.0,,,1.0,2.5,2.0,3.3333333333333335,,3.75
3.625,4.166666666666667,5.0,3.3333333333333335,4.821428571428571,3.4444444444444446,,3.9545454545454546,4.206896551724138,3.75,4.0,4.0,2.090909090909091,4.529411764705882,4.785714285714286,4.909090909090909,,2.388888888888889
3.3333333333333335,3.6666666666666665,4.0,3.6,3.7241379310344827,3.0,,2.9444444444444446,3.125,3.6363636363636362,3.5,1.0,2.0,3.9444444444444446,4.0,3.9285714285714284,,3.272727272727273
3.5652173913043477,3.3333333333333335,5.0,3.857142857142857,4.027397260273973,3.4285714285714284,2.3333333333333335,3.0943396226415096,2.875,3.697674418604651,2.5833333333333335,5.0,2.3529411764705883,3.891304347826087,4.0,4.192982456140351,2.4285714285714284,3.119047619047619
3.46875,3.4545454545454546,,2.78,2.9574468085106385,2.68,2.0,2.0491803278688523,2.2962962962962963,3.5606060606060606,2.0,2.5,1.8421052631578947,3.5098039215686274,3.076923076923077,2.6666666666666665,2.2,2.6534653465346536
4.3,3.96,3.0,3.6,3.84375,3.0,,3.260869565217391,2.619047619047619,3.526315789473684,2.6666666666666665,3.0,1.875,3.730769230769231,3.85,3.5384615384615383,3.0,2.68
4.0,3.2777777777777777,2.5,4.2,3.0,3.6666666666666665,,2.0,2.642857142857143,3.3461538461538463,,4.0,2.5,3.076923076923077,2.888888888888889,2.0,2.5,3.235294117647059
2.75,4.0,,,4.555555555555555,5.0,,5.0,2.3333333333333335,3.625,,,2.5,4.0,4.416666666666667,4.333333333333333,,4.166666666666667
4.161764705882353,2.967741935483871,4.0,3.090909090909091,2.8529411764705883,2.34375,3.2857142857142856,1.7261904761904763,3.578125,3.4833333333333334,2.0,,1.6379310344827587,3.5555555555555554,2.727272727272727,2.5294117647058822,2.0,2.9451219512195124
4.0,2.5,,,1.5,4.0,,1.0,,3.0,,,,2.5,2.0,,,4.0
,,,,,5.0,,,,4.0,,,,,5.0,,,
4.352941176470588,3.8625,4.555555555555555,4.2682926829268295,3.871794871794872,3.227272727272727,5.0,3.0634920634920637,4.078431372549019,3.74025974025974,2.2,3.5833333333333335,1.5,3.6065573770491803,3.811320754716981,3.466666666666667,3.3333333333333335,3.826923076923077
4.108108108108108,3.260869565217391,,3.857142857142857,2.6333333333333333,1.8888888888888888,4.5,2.129032258064516,3.3823529411764706,3.161290322580645,1.6,3.3333333333333335,1.3333333333333333,3.875,3.0,3.230769230769231,2.6666666666666665,3.3333333333333335
4.11578947368421,3.9611650485436893,4.25,4.2075471698113205,3.7876106194690267,3.026315789473684,4.5,3.145631067961165,3.4237288135593222,3.6538461538461537,2.923076923076923,4.0625,2.0952380952380953,3.4215686274509802,3.663551401869159,3.4,2.6666666666666665,4.105263157894737
3.6666666666666665,3.6029411764705883,4.285714285714286,3.2616822429906542,3.14,2.2916666666666665,,2.0763358778625953,3.326923076923077,3.6923076923076925,1.7142857142857142,4.0,1.8571428571428572,3.5555555555555554,3.2857142857142856,3.473684210526316,2.0,2.9352941176470586
4.475409836065574,3.9514563106796117,4.3076923076923075,4.2,3.4711538461538463,3.1333333333333333,,2.75,4.035714285714286,3.7183098591549295,3.8,4.333333333333333,1.4736842105263157,3.5405405405405403,3.7837837837837838,3.411764705882353,2.3333333333333335,3.5294117647058822
4.0,3.1666666666666665,2.75,3.0,1.5555555555555556,2.0,,1.8333333333333333,3.0952380952380953,2.8,2.0,,1.5,2.888888888888889,2.7857142857142856,1.875,1.0,2.4166666666666665
4.0,3.6666666666666665,3.5714285714285716,3.5238095238095237,2.6742424242424243,2.6444444444444444,3.0,2.1666666666666665,2.552,3.5565217391304347,2.4705882352941178,3.0,1.6521739130434783,3.2972972972972974,3.1228070175438596,3.1627906976744184,4.0,3.4035087719298245
3.6363636363636362,3.5625,2.6666666666666665,2.0,3.65625,3.0,2.0,2.5,2.5714285714285716,3.6666666666666665,,2.0,1.75,3.3076923076923075,3.176470588235294,2.8,4.5,3.066666666666667
3.3333333333333335,2.6666666666666665,4.0,2.0,3.25,2.75,,2.5714285714285716,2.7777777777777777,3.8,3.6,,1.6,4.0,2.6,4.0,,2.3529411764705883
,,,,,,,,,,,,,,4.0,,,
4.5,3.642857142857143,,2.25,4.071428571428571,3.3333333333333335,1.0,2.9444444444444446,2.5384615384615383,3.230769230769231,4.0,,,4.0,3.65,3.9565217391304346,,1.6666666666666667
2.3846153846153846,3.2972972972972974,2.4285714285714284,3.289473684210526,2.6578947368421053,2.25,2.1666666666666665,1.9285714285714286,2.390625,3.440677966101695,2.2222222222222223,3.4,1.3333333333333333,3.1956521739130435,2.425,2.125,2.5,3.1379310344827585
3.6,3.7857142857142856,5.0,4.5,3.7142857142857144,4.0,1.0,1.7777777777777777,2.7777777777777777,3.8181818181818183,4.0,,1.0,3.8333333333333335,3.0,3.0,5.0,4.125
4.151260504201681,3.497297297297297,3.125,3.2567567567567566,2.888198757763975,2.5892857142857144,2.142857142857143,1.88,3.064935064935065,3.473372781065089,2.3043478260869565,3.5555555555555554,1.703125,2.9130434782608696,3.4591836734693877,3.054054054054054,2.4444444444444446,3.0984848484848486
3.4285714285714284,3.6363636363636362,2.0,3.0625,3.4814814814814814,3.1666666666666665,,2.066666666666667,2.641509433962264,3.675675675675676,3.0,,1.5714285714285714,3.6551724137931036,2.7142857142857144,3.6923076923076925,1.5,2.8541666666666665
3.5,1.5,,4.0,3.4,3.3333333333333335,5.0,3.0,3.0,2.5,5.0,,2.0,4.5,3.8333333333333335,4.142857142857143,,4.0
,,,3.0,4.0,,,4.5,,4.0,,,3.0,5.0,3.0,,,3.0
3.3333333333333335,3.909090909090909,,,2.230769230769231,1.3333333333333333,,1.2,1.2,3.7058823529411766,,,1.0,3.0,4.0,2.0,,1.25
3.7333333333333334,3.1875,,3.0,3.4444444444444446,2.8333333333333335,4.0,1.7894736842105263,1.9382716049382716,3.238095238095238,1.5,,1.6,3.82,3.3157894736842106,2.4545454545454546,1.5,2.342857142857143
3.142857142857143,3.5,,3.6,2.3,2.25,,1.9285714285714286,2.1666666666666665,4.75,2.0,,1.5,3.5,2.875,,,3.8
4.0,4.0,2.0,5.0,4.0,4.0,,,3.6666666666666665,4.0,,,,4.0,4.0,,,
3.3333333333333335,3.375,2.0,3.5,2.5,2.5,,2.0,2.0,3.2,1.0,,,3.0,3.5,2.5,,2.6666666666666665
3.764705882352941,3.44,1.3333333333333333,3.4,3.6923076923076925,2.25,,2.7777777777777777,2.6,3.2857142857142856,2.1666666666666665,2.25,2.0,3.6666666666666665,3.1739130434782608,3.25,2.0,3.375
4.0,3.4285714285714284,,4.0,2.2857142857142856,1.6666666666666667,1.0,1.5714285714285714,1.8181818181818181,3.090909090909091,2.0,,3.0,3.2,2.5,4.25,,4.0
1.75,3.0,2.0,3.857142857142857,2.2,1.8571428571428572,4.0,1.9090909090909092,1.6666666666666667,2.090909090909091,,1.0,2.0,1.6666666666666667,4.0,1.0,,4.1
3.0,2.4285714285714284,,3.625,2.3636363636363638,1.7777777777777777,4.0,1.8571428571428572,2.230769230769231,3.888888888888889,1.3333333333333333,3.0,,3.6666666666666665,2.2142857142857144,2.8333333333333335,1.0,3.2142857142857144
3.55,3.793103448275862,5.0,4.666666666666667,4.096774193548387,2.3333333333333335,,3.3333333333333335,2.576923076923077,3.675,3.8333333333333335,,1.4375,3.909090909090909,4.5,4.214285714285714,1.0,2.3214285714285716
3.727272727272727,3.1538461538461537,5.0,4.0,3.357142857142857,3.0,,2.8333333333333335,1.75,3.642857142857143,1.0,,1.75,3.3333333333333335,3.6666666666666665,3.25,4.0,3.0
3.2941176470588234,3.611111111111111,1.5,3.185185185185185,3.1666666666666665,2.125,,2.289473684210526,1.98,3.7083333333333335,1.6,4.0,1.1538461538461537,3.7916666666666665,2.769230769230769,3.1,3.774193548387097,2.9838709677419355
4.166666666666667,3.3,,3.5,1.25,2.5,,2.3333333333333335,2.6666666666666665,4.1,,,2.0,2.8,4.0,4.0,,3.142857142857143
5.0,3.0,,,3.25,4.0,,3.2,2.0,3.4,5.0,,1.0,4.4,4.8,4.2,,
4.088235294117647,4.153846153846154,4.0,4.4,3.5833333333333335,3.5714285714285716,2.0,3.611111111111111,2.857142857142857,3.9285714285714284,2.8333333333333335,3.3333333333333335,1.5,4.142857142857143,3.888888888888889,4.083333333333333,1.5,3.6315789473684212
3.7267267267267266,3.507163323782235,3.466666666666667,3.2998661311914326,2.7975,2.5837837837837836,2.36,2.0214446952595937,3.3066439522998294,3.440922190201729,2.2758620689655173,3.25,1.70446735395189,3.4,3.058139534883721,2.9671052631578947,2.933333333333333,2.841686555290374
4.0476190476190474,3.8823529411764706,3.25,3.9,3.2093023255813953,2.769230769230769,2.3333333333333335,2.896551724137931,2.9565217391304346,3.3488372093023258,3.4,3.0,1.0,3.2580645161290325,3.2,2.75,2.0,3.6
3.442622950819672,3.0,4.0,2.888888888888889,3.5126050420168067,3.08,3.909090909090909,2.3,2.9574468085106385,3.7384615384615385,2.0,,2.0833333333333335,4.068965517241379,3.5789473684210527,3.975609756097561,3.80672268907563,2.1818181818181817
4.0,2.5,,,,,,,4.0,,,,,4.0,,,,
3.6,3.25,4.0,4.0,4.0,,,2.8,4.0,4.0,,,3.0,2.6666666666666665,,,,4.0
3.6666666666666665,3.6666666666666665,4.0,4.0,3.588235294117647,2.5714285714285716,,2.25,2.1333333333333333,3.6923076923076925,4.0,4.0,2.5,3.0,3.6666666666666665,4.0,,3.625
4.0,3.142857142857143,,2.8,3.933333333333333,5.0,,2.6923076923076925,2.909090909090909,3.6153846153846154,,,1.7058823529411764,4.181818181818182,3.0,4.428571428571429,5.0,2.263157894736842
3.0,4.333333333333333,,3.0,2.5,1.0,,2.3333333333333335,4.0,3.4,,,,3.5,4.0,3.3333333333333335,,1.0
2.0,,,,3.0,,,,1.0,4.5,,,,,,,,
4.1,3.4285714285714284,3.3333333333333335,3.8947368421052633,2.9,2.6363636363636362,,1.9545454545454546,2.0833333333333335,3.6,2.0,3.0,2.8,3.4166666666666665,3.5416666666666665,2.888888888888889,4.0,3.8214285714285716
1.3333333333333333,2.0833333333333335,,2.6923076923076925,2.076923076923077,1.6,4.0,1.3962264150943395,1.5333333333333334,3.0232558139534884,1.6666666666666667,,1.6666666666666667,3.1176470588235294,2.25,2.0,,2.0
4.333333333333333,2.4,,2.3333333333333335,2.6,2.0,,1.8333333333333333,3.0,3.5,,,1.6666666666666667,3.0,3.0,3.3333333333333335,1.0,2.4
2.6666666666666665,3.3333333333333335,,2.3333333333333335,2.625,,2.0,1.2222222222222223,2.0,4.0,,,,4.142857142857143,2.857142857142857,4.0,2.0,2.4285714285714284
4.0,3.7777777777777777,,2.0,2.4705882352941178,2.4285714285714284,4.0,1.5217391304347827,2.176470588235294,3.35,2.8333333333333335,,2.0,3.15,3.5,2.1666666666666665,2.5,2.25
3.130434782608696,3.5,4.0,3.5555555555555554,2.9166666666666665,2.4285714285714284,1.3333333333333333,2.2241379310344827,3.090909090909091,3.911764705882353,2.5555555555555554,,1.2307692307692308,3.9069767441860463,3.142857142857143,3.1,3.8125,2.82
4.065217391304348,3.8684210526315788,4.333333333333333,3.933333333333333,2.682926829268293,2.8518518518518516,1.7777777777777777,2.0144927536231885,2.25,3.549618320610687,2.4,3.6,1.3333333333333333,3.392156862745098,3.0697674418604652,3.210526315789474,3.125,3.8518518518518516
4.25,4.833333333333333,,4.333333333333333,3.8333333333333335,5.0,,3.5,3.5,4.333333333333333,4.333333333333333,4.5,1.0,4.0,4.125,5.0,,4.0
3.3684210526315788,3.7254901960784315,2.5,2.6458333333333335,2.6507936507936507,2.0,1.0,1.9393939393939394,2.0898876404494384,3.430379746835443,1.0,2.0,1.542857142857143,3.4838709677419355,3.0,3.0,4.0,2.383720930232558
4.0,2.5,,3.0,1.0,,,1.0,4.0,4.0,,4.0,1.0,4.0,,4.0,,3.0
4.083333333333333,3.6923076923076925,2.0,3.1956521739130435,2.4307692307692306,3.391304347826087,,2.1041666666666665,3.175675675675676,3.253968253968254,2.5,3.0,2.769230769230769,3.5384615384615383,3.2142857142857144,3.090909090909091,3.9183673469387754,3.696629213483146
3.90625,3.9696969696969697,4.0,3.2948717948717947,4.042553191489362,3.1944444444444446,,2.9363636363636365,2.356164383561644,3.4864864864864864,2.5,2.0,1.9583333333333333,3.72,3.6065573770491803,3.5853658536585367,3.954022988505747,2.892156862745098
,5.0,,4.0,3.0,,,2.5,,3.0,1.0,,1.0,3.5,4.5,,1.0,3.0
4.0,4.0,5.0,4.0,3.6,,,1.0,1.8,4.0,,,4.0,,5.0,,,4.0
,,,,4.0,3.0,,2.0,,,,,,,,2.0,,
3.857142857142857,2.6818181818181817,3.8,3.8378378378378377,2.9491525423728815,2.9130434782608696,3.625,2.0588235294117645,2.4305555555555554,3.0625,2.111111111111111,3.7142857142857144,2.1333333333333333,3.5714285714285716,3.375,3.6818181818181817,3.6923076923076925,3.4444444444444446
4.081632653061225,3.9622641509433962,3.875,4.1063829787234045,2.843137254901961,3.073170731707317,4.0,2.28,2.208955223880597,3.852272727272727,2.875,4.2,1.8,3.710526315789474,3.769230769230769,3.5294117647058822,3.2,3.5833333333333335
4.2272727272727275,3.5714285714285716,4.0,3.0,3.7142857142857144,3.0,,2.0,3.727272727272727,3.857142857142857,4.0,,1.5,4.0,3.5,4.25,1.0,3.625
4.1,4.583333333333333,,5.0,3.3,3.0,,3.75,4.5,3.7857142857142856,4.0,5.0,3.0,3.0,4.666666666666667,3.75,3.0,3.75
3.566666666666667,3.5714285714285716,3.875,4.0,2.8,3.25,3.4,2.018867924528302,2.5301204819277108,3.9193548387096775,2.75,4.5,1.7058823529411764,3.5,3.2298850574712645,3.6666666666666665,2.4,3.514705882352941
4.0,4.5,,4.0,3.3333333333333335,2.0,,2.090909090909091,3.2,3.2857142857142856,4.0,1.0,1.6666666666666667,3.3333333333333335,3.5,2.5,5.0,4.0
2.0,2.0,,3.5,2.6666666666666665,2.0,,1.0,1.0,4.0,4.0,,1.0,4.25,1.5,4.0,,3.3333333333333335
3.75,4.1,4.0,3.5,3.25,3.0,3.0,2.8,3.130434782608696,4.363636363636363,,,1.0,4.25,3.6363636363636362,1.0,3.0,3.3157894736842106
3.3333333333333335,3.380952380952381,2.0,3.5161290322580645,3.259259259259259,1.8888888888888888,4.0,2.9130434782608696,2.933333333333333,3.838709677419355,2.25,4.0,2.0,3.5,3.310344827586207,2.25,1.0,3.28125
,3.4,,3.0,2.3333333333333335,4.0,,1.5,2.8,4.0,1.0,,,3.6666666666666665,5.0,5.0,4.0,4.0
3.9,3.935483870967742,4.5,3.84,2.588235294117647,3.4285714285714284,3.0,2.5454545454545454,2.6206896551724137,3.6857142857142855,2.5,3.3333333333333335,2.6,3.375,3.076923076923077,3.5,4.0,3.357142857142857
3.2903225806451615,3.8727272727272726,3.8,3.9743589743589745,3.2051282051282053,2.1,1.8,2.066666666666667,1.7261904761904763,3.9347826086956523,2.5833333333333335,,1.78125,3.25,3.647887323943662,3.857142857142857,3.0,3.276315789473684
4.0,3.933333333333333,2.4,3.0,3.25,,,3.25,3.1,4.0,4.0,1.0,1.6,3.875,3.5454545454545454,4.0,,2.8823529411764706
,4.5,,,2.0,,,,,,,,,4.5,5.0,5.0,,
4.0,,,,,2.0,,,1.0,,,,,,4.0,,,
1.0,3.8333333333333335,,4.0,3.5,3.5,,,2.6666666666666665,4.142857142857143,,,2.0,3.8,3.5,4.0,2.0,2.6666666666666665
3.75,3.6666666666666665,4.0,3.5,2.25,2.0,1.0,3.5,4.0,3.6,1.5,,,3.75,2.3333333333333335,4.0,4.0,3.3333333333333335
3.9166666666666665,3.8260869565217392,3.6666666666666665,3.9130434782608696,3.129032258064516,2.4,4.0,2.5625,3.0,3.757575757575758,3.4,1.0,1.6666666666666667,3.6875,3.825,3.3636363636363638,,3.5517241379310347
4.333333333333333,3.75,,3.727272727272727,3.875,2.8333333333333335,1.0,2.1818181818181817,3.5625,3.5454545454545454,1.5,,1.5,3.8,3.5,5.0,,3.4285714285714284
3.0,3.7,3.0,3.8333333333333335,2.411764705882353,2.5,1.0,2.5714285714285716,3.3333333333333335,3.736842105263158,,4.0,1.6,3.8823529411764706,3.6551724137931036,2.3333333333333335,1.0,3.4782608695652173
3.1923076923076925,3.6470588235294117,3.5,3.8461538461538463,3.1,2.6315789473684212,2.6666666666666665,2.323529411764706,3.24,3.7708333333333335,2.4,4.0,1.5,3.310344827586207,3.3559322033898304,3.2,2.0,3.54
,4.0,,,,,,,,4.0,,,,,,,,
4.5,4.142857142857143,3.0,3.7142857142857144,2.888888888888889,2.5,,2.5555555555555554,3.375,3.9166666666666665,2.6666666666666665,,3.0,4.0,3.7,3.25,,3.411764705882353
3.7777777777777777,4.0,3.6666666666666665,3.5416666666666665,3.05,2.375,4.0,2.4583333333333335,2.5833333333333335,3.2666666666666666,1.0,1.0,2.2,3.5384615384615383,3.44,3.272727272727273,4.0,3.5454545454545454
2.25,4.214285714285714,3.5,4.0,2.2,4.0,,2.0,2.6363636363636362,3.875,1.0,,2.3333333333333335,4.0,3.5714285714285716,4.5,,3.8333333333333335
3.473684210526316,3.742857142857143,3.5714285714285716,3.8275862068965516,3.1333333333333333,2.3,1.0,2.4782608695652173,2.911764705882353,3.5757575757575757,2.5,,2.7142857142857144,3.5357142857142856,3.727272727272727,3.2,4.333333333333333,3.2972972972972974
3.6923076923076925,3.588235294117647,3.0,4.076923076923077,2.4285714285714284,4.0,2.0,2.84,2.423076923076923,3.657142857142857,1.25,4.0,2.25,3.8421052631578947,3.6,3.125,2.0,3.4193548387096775
,,5.0,,5.0,,,,,,,,,,,,,
3.6,3.864864864864865,3.75,3.625,2.96,3.2857142857142856,4.0,2.7333333333333334,2.8,4.033333333333333,2.0,2.5,1.75,3.8636363636363638,3.4545454545454546,3.6,1.5,3.5454545454545454
4.25,3.8823529411764706,4.0,4.3,2.9166666666666665,2.8,4.0,3.0,3.3125,3.6923076923076925,3.0,,3.5,4.111111111111111,3.8125,4.0,3.5,3.6153846153846154
4.0,3.4444444444444446,3.0,4.333333333333333,2.7,2.3333333333333335,,1.8461538461538463,3.1,3.1538461538461537,,,1.0,3.5714285714285716,3.6666666666666665,4.142857142857143,2.3333333333333335,3.7142857142857144
4.5,3.642857142857143,4.5,3.6363636363636362,2.0,2.1666666666666665,1.0,2.4285714285714284,3.4285714285714284,4.4,3.3333333333333335,1.0,1.0,3.7857142857142856,3.9,4.0,,3.5
4.428571428571429,4.0,3.2222222222222223,3.0,3.3055555555555554,2.6666666666666665,,2.8620689655172415,3.3333333333333335,3.72,2.4545454545454546,,2.6666666666666665,3.6315789473684212,4.0,1.7142857142857142,1.8333333333333333,3.272727272727273
4.0,2.5,,4.0,1.5,,,1.3333333333333333,2.5,2.8,,,,,1.0,1.0,,4.25
3.8333333333333335,3.1875,,3.5,3.0,2.4285714285714284,5.0,1.75,2.7083333333333335,3.611111111111111,1.0,,1.25,2.8333333333333335,2.727272727272727,2.875,2.4,3.0625
4.0,5.0,,2.2857142857142856,3.3333333333333335,2.6666666666666665,,2.5,2.4,,,,1.6666666666666667,3.3333333333333335,4.0,2.6666666666666665,1.0,2.6
4.0,3.25,,2.7142857142857144,2.7777777777777777,2.6,,2.1333333333333333,2.25,3.5454545454545454,3.0,,1.3636363636363635,3.5555555555555554,3.2857142857142856,2.6666666666666665,,1.9444444444444444
3.7906976744186047,3.8518518518518516,,3.6666666666666665,3.111111111111111,2.6315789473684212,2.5,2.381818181818182,1.7586206896551724,3.86046511627907,,,1.7,3.6551724137931036,3.68,3.1875,,2.4594594594594597
4.061855670103093,3.3536585365853657,3.4,3.142857142857143,2.803030303030303,2.4814814814814814,2.75,2.142857142857143,3.07,3.292929292929293,2.7142857142857144,3.8,1.2619047619047619,3.5090909090909093,2.5945945945945947,3.0,2.75,2.7222222222222223
3.8742138364779874,3.627659574468085,4.2,3.7155963302752295,2.9502762430939224,2.6333333333333333,1.875,2.0476190476190474,3.341463414634146,3.5508982035928143,2.59375,3.5,1.7446808510638299,3.128,3.0470588235294116,3.0930232558139537,2.642857142857143,3.0923076923076924
2.0,3.1944444444444446,4.0,3.230769230769231,2.3513513513513513,2.2857142857142856,,1.7623762376237624,1.5660377358490567,3.4054054054054053,1.8333333333333333,,1.3157894736842106,3.297872340425532,2.761904761904762,2.161290322580645,2.1666666666666665,2.451219512195122
2.0,2.2916666666666665,2.0,3.625,2.111111111111111,2.4285714285714284,1.0,1.48,1.9142857142857144,3.4727272727272727,1.5,4.0,1.125,2.95,2.3333333333333335,1.0,,2.8333333333333335
4.0047846889952154,3.7567567567567566,3.5714285714285716,2.9896907216494846,2.6842105263157894,2.5595238095238093,3.375,2.1305555555555555,3.5723684210526314,3.6228813559322033,2.5,,1.726027397260274,3.6056338028169015,3.3220338983050848,3.013333333333333,1.0,2.8251533742331287
4.0,,,,,,,,3.0,4.5,,,,,3.0,4.0,,3.0
4.0,3.6666666666666665,,,3.0,4.0,,2.6666666666666665,4.0,3.7777777777777777,,4.0,1.0,3.0,4.0,,,2.0
4.0,2.0,,4.0,2.0,3.25,2.0,1.9090909090909092,2.111111111111111,4.0,4.0,,,3.1666666666666665,2.5,3.0,,3.6666666666666665
4.071428571428571,3.5,3.0,2.9696969696969697,3.425925925925926,2.789473684210526,,2.4516129032258065,2.823529411764706,3.3076923076923075,2.2857142857142856,2.6666666666666665,1.6818181818181819,3.4146341463414633,3.2962962962962963,3.176470588235294,1.0,2.40625
3.6,3.6226415094339623,3.1666666666666665,4.074074074074074,2.6507936507936507,3.076923076923077,2.0,2.0285714285714285,2.0422535211267605,3.617283950617284,1.8461538461538463,4.0,1.7777777777777777,3.2244897959183674,3.1951219512195124,3.1666666666666665,2.3333333333333335,3.1818181818181817
4.5,4.5,,3.6,4.4,3.0,,3.5,3.5,4.222222222222222,,,1.3333333333333333,3.3333333333333335,4.25,4.25,4.0,2.6666666666666665
3.1176470588235294,3.1707317073170733,2.6666666666666665,3.7,3.0,2.642857142857143,4.0,1.9767441860465116,1.9482758620689655,2.8,1.5714285714285714,2.3333333333333335,2.0,2.3333333333333335,2.875,3.466666666666667,2.5,3.2857142857142856
4.0,3.6857142857142855,,4.153846153846154,3.323529411764706,3.357142857142857,,2.6666666666666665,1.875,3.8444444444444446,3.2857142857142856,4.0,1.5,3.1707317073170733,4.090909090909091,3.6666666666666665,4.1,4.111111111111111
4.833333333333333,3.875,4.75,4.0,3.1666666666666665,2.3333333333333335,,3.875,3.3333333333333335,4.111111111111111,,,3.0,4.5,3.888888888888889,3.3333333333333335,,4.166666666666667
3.3333333333333335,3.9714285714285715,4.6,3.0833333333333335,4.155172413793103,3.3461538461538463,4.333333333333333,3.066666666666667,3.1458333333333335,4.042857142857143,3.375,,2.0,4.166666666666667,4.206896551724138,4.461538461538462,3.2,3.175
3.2857142857142856,4.333333333333333,,4.0,3.0,4.0,4.0,3.3333333333333335,3.0,4.25,2.0,,,4.0,,4.0,,2.5
3.0476190476190474,2.7567567567567566,5.0,2.6,1.9230769230769231,1.7,1.0,1.5675675675675675,1.6296296296296295,3.175,1.6666666666666667,4.0,1.4285714285714286,2.8275862068965516,2.923076923076923,2.0,4.0,2.75
,,,,,,,4.0,,4.0,,,,,,,,
2.5,2.5,,2.3333333333333335,3.6666666666666665,,,2.2,2.5,4.5,,,,2.8,4.0,1.0,,1.0
3.3333333333333335,,,3.6666666666666665,2.625,2.5,,2.0,1.6,3.3333333333333335,,,,3.5714285714285716,2.9,3.4,,3.0
3.6323529411764706,3.541284403669725,2.5,3.2249134948096887,2.6666666666666665,2.462686567164179,5.0,2.162629757785467,2.496794871794872,3.4020100502512562,2.4705882352941178,2.0,1.32,3.397590361445783,3.3508771929824563,2.8484848484848486,1.8333333333333333,2.689230769230769
4.222222222222222,4.333333333333333,3.3333333333333335,3.111111111111111,2.6363636363636362,2.4285714285714284,,2.5555555555555554,3.090909090909091,3.5,3.0,4.0,1.0,3.5454545454545454,4.0,2.75,,3.764705882352941
